"","Region","Year","Data2","Value"
"1","ABW","2005","vsl_coeff",1.34695346559759
"2","AFG","2005","vsl_coeff",0.0125347940520999
"3","AGO","2005","vsl_coeff",0.086938328011626
"4","AIA","2005","vsl_coeff",NA
"5","ALA","2005","vsl_coeff",NA
"6","ALB","2005","vsl_coeff",0.148101876600824
"7","AND","2005","vsl_coeff",1.73311147586555
"8","ARE","2005","vsl_coeff",1.46230058265631
"9","ARG","2005","vsl_coeff",0.322617694651347
"10","ARM","2005","vsl_coeff",0.106232060957138
"11","ASM","2005","vsl_coeff",0
"12","ATA","2005","vsl_coeff",NA
"13","ATF","2005","vsl_coeff",NA
"14","ATG","2005","vsl_coeff",0.49873879778383
"15","AUS","2005","vsl_coeff",1.22728596277969
"16","AUT","2005","vsl_coeff",1.20800259852001
"17","AZE","2005","vsl_coeff",0.118242473391862
"18","BDI","2005","vsl_coeff",0.00537680956598873
"19","BEL","2005","vsl_coeff",1.16119683008107
"20","BEN","2005","vsl_coeff",0.02498246927242
"21","BES","2005","vsl_coeff",NA
"22","BFA","2005","vsl_coeff",0.0191447109010601
"23","BGD","2005","vsl_coeff",0.0221415589509695
"24","BGR","2005","vsl_coeff",0.282628702693521
"25","BHR","2005","vsl_coeff",0.968462198103969
"26","BHS","2005","vsl_coeff",1.01894398173308
"27","BIH","2005","vsl_coeff",0.155460761413356
"28","BLM","2005","vsl_coeff",NA
"29","BLR","2005","vsl_coeff",0.260775632716928
"30","BLZ","2005","vsl_coeff",0.215392223876716
"31","BMU","2005","vsl_coeff",2.17564631800037
"32","BOL","2005","vsl_coeff",0.08927195447811
"33","BRA","2005","vsl_coeff",0.248415368775046
"34","BRB","2005","vsl_coeff",0.733809476421022
"35","BRN","2005","vsl_coeff",1.58879314344461
"36","BTN","2005","vsl_coeff",0.0858608553195551
"37","BVT","2005","vsl_coeff",NA
"38","BWA","2005","vsl_coeff",0.346454502838781
"39","CAF","2005","vsl_coeff",0.0107794622442002
"40","CAN","2005","vsl_coeff",1.24287838742298
"41","CCK","2005","vsl_coeff",NA
"42","CHE","2005","vsl_coeff",1.26644851119989
"43","CHL","2005","vsl_coeff",0.371811984628801
"44","CHN","2005","vsl_coeff",0.110411520286158
"45","CIV","2005","vsl_coeff",0.0307897441090289
"46","CMR","2005","vsl_coeff",0.0412534145674885
"47","COD","2005","vsl_coeff",0.00367528171239007
"48","COG","2005","vsl_coeff",0.0737218799074786
"49","COK","2005","vsl_coeff",NA
"50","COL","2005","vsl_coeff",0.200649815059352
"51","COM","2005","vsl_coeff",0.0205665113300094
"52","CPV","2005","vsl_coeff",0.0634452385049616
"53","CRI","2005","vsl_coeff",0.274766210501681
"54","CUB","2005","vsl_coeff",0.205049436817799
"55","CUW","2005","vsl_coeff",0
"56","CXR","2005","vsl_coeff",NA
"57","CYM","2005","vsl_coeff",2.52409620198921
"58","CYP","2005","vsl_coeff",0.801866660658574
"59","CZE","2005","vsl_coeff",0.713363408259217
"60","DEU","2005","vsl_coeff",1.11866428712016
"61","DJI","2005","vsl_coeff",0.0446195566731269
"62","DMA","2005","vsl_coeff",0.194499297818251
"63","DNK","2005","vsl_coeff",1.19423881872906
"64","DOM","2005","vsl_coeff",0.18989829431495
"65","DZA","2005","vsl_coeff",0.176329847621267
"66","ECU","2005","vsl_coeff",0.176242032967814
"67","EGY","2005","vsl_coeff",0.11460811153544
"68","ERI","2005","vsl_coeff",0.0126294619896497
"69","ESH","2005","vsl_coeff",NA
"70","ESP","2005","vsl_coeff",1.01585486256402
"71","EST","2005","vsl_coeff",0.549137460888922
"72","ETH","2005","vsl_coeff",0.0101698559036515
"73","FIN","2005","vsl_coeff",1.1128683240904
"74","FJI","2005","vsl_coeff",0.11058474002622
"75","FLK","2005","vsl_coeff",NA
"76","FRA","2005","vsl_coeff",1.09799752707599
"77","FRO","2005","vsl_coeff",0
"78","FSM","2005","vsl_coeff",0.0824236523880405
"79","GAB","2005","vsl_coeff",0.381601678792614
"80","GBR","2005","vsl_coeff",1.17115755333124
"81","GEO","2005","vsl_coeff",0.0914881271492201
"82","GGY","2005","vsl_coeff",NA
"83","GHA","2005","vsl_coeff",0.0228806350105704
"84","GIB","2005","vsl_coeff",0
"85","GIN","2005","vsl_coeff",0.0182091564535173
"86","GLP","2005","vsl_coeff",NA
"87","GMB","2005","vsl_coeff",0.0259033396211907
"88","GNB","2005","vsl_coeff",0.0171217230799397
"89","GNQ","2005","vsl_coeff",0.604710835615192
"90","GRC","2005","vsl_coeff",0.943032255623368
"91","GRD","2005","vsl_coeff",0.31123986669977
"92","GRL","2005","vsl_coeff",1.67444807455507
"93","GTM","2005","vsl_coeff",0.119906966356309
"94","GUF","2005","vsl_coeff",NA
"95","GUM","2005","vsl_coeff",0
"96","GUY","2005","vsl_coeff",0.0835700436768776
"97","HKG","2005","vsl_coeff",1.221178322283
"98","HMD","2005","vsl_coeff",NA
"99","HND","2005","vsl_coeff",0.0838308031438619
"100","HRV","2005","vsl_coeff",0.486340622948787
"101","HTI","2005","vsl_coeff",0.0225523843095509
"102","HUN","2005","vsl_coeff",0.565695457297839
"103","IDN","2005","vsl_coeff",0.0796887921536169
"104","IMN","2005","vsl_coeff",0
"105","IND","2005","vsl_coeff",0.0528412774265296
"106","IOT","2005","vsl_coeff",NA
"107","IRL","2005","vsl_coeff",1.31112127123113
"108","IRN","2005","vsl_coeff",0.27513027827759
"109","IRQ","2005","vsl_coeff",0.0771914874204517
"110","ISL","2005","vsl_coeff",1.27498704770808
"111","ISR","2005","vsl_coeff",0.901998254469462
"112","ITA","2005","vsl_coeff",1.04302727712559
"113","JAM","2005","vsl_coeff",0.225698793027494
"114","JEY","2005","vsl_coeff",NA
"115","JOR","2005","vsl_coeff",0.111072437567769
"116","JPN","2005","vsl_coeff",1.11775003957013
"117","KAZ","2005","vsl_coeff",0.259077645744084
"118","KEN","2005","vsl_coeff",0.0265083905284244
"119","KGZ","2005","vsl_coeff",0.0385308587127826
"120","KHM","2005","vsl_coeff",0.0307954727753497
"121","KIR","2005","vsl_coeff",0.0825551930855735
"122","KNA","2005","vsl_coeff",0.405324934084977
"123","KOR","2005","vsl_coeff",0.871028001431675
"124","KWT","2005","vsl_coeff",1.45388971469983
"125","LAO","2005","vsl_coeff",0.0364355548010845
"126","LBN","2005","vsl_coeff",0.301230404410989
"127","LBR","2005","vsl_coeff",0.00501515199050099
"128","LBY","2005","vsl_coeff",0.470731325154443
"129","LCA","2005","vsl_coeff",0.301910779697812
"130","LIE","2005","vsl_coeff",4.48057845763037
"131","LKA","2005","vsl_coeff",0.0850707256790531
"132","LSO","2005","vsl_coeff",0.0221841070139048
"133","LTU","2005","vsl_coeff",0.448487073803407
"134","LUX","2005","vsl_coeff",2.13781182080905
"135","LVA","2005","vsl_coeff",0.410239666360221
"136","MAC","2005","vsl_coeff",1.26818032949854
"137","MAF","2005","vsl_coeff",0
"138","MAR","2005","vsl_coeff",0.0820643134885047
"139","MCO","2005","vsl_coeff",5.33723655910358
"140","MDA","2005","vsl_coeff",0.0523751918829957
"141","MDG","2005","vsl_coeff",0.0150211258681023
"142","MDV","2005","vsl_coeff",0.108145718634948
"143","MEX","2005","vsl_coeff",0.389639887225154
"144","MHL","2005","vsl_coeff",0.166632942545949
"145","MKD","2005","vsl_coeff",0.2045620643881
"146","MLI","2005","vsl_coeff",0.0178823832789925
"147","MLT","2005","vsl_coeff",0.72594352437334
"148","MMR","2005","vsl_coeff",0.0150620252454337
"149","MNE","2005","vsl_coeff",0.209743624583644
"150","MNG","2005","vsl_coeff",0.0603684185899817
"151","MNP","2005","vsl_coeff",0
"152","MOZ","2005","vsl_coeff",0.0118238181545255
"153","MRT","2005","vsl_coeff",0.0336572256666032
"154","MSR","2005","vsl_coeff",NA
"155","MTQ","2005","vsl_coeff",NA
"156","MUS","2005","vsl_coeff",0.28603585375349
"157","MWI","2005","vsl_coeff",0.0102434685071887
"158","MYS","2005","vsl_coeff",0.352553033411408
"159","MYT","2005","vsl_coeff",NA
"160","NAM","2005","vsl_coeff",0.134614168954099
"161","NCL","2005","vsl_coeff",1.50573854067809
"162","NER","2005","vsl_coeff",0.0100202968783677
"163","NFK","2005","vsl_coeff",NA
"164","NGA","2005","vsl_coeff",0.035875450387457
"165","NIC","2005","vsl_coeff",0.0521494223658667
"166","NIU","2005","vsl_coeff",NA
"167","NLD","2005","vsl_coeff",1.25942055112687
"168","NOR","2005","vsl_coeff",1.5763822716753
"169","NPL","2005","vsl_coeff",0.0188638002927877
"170","NRU","2005","vsl_coeff",0.124324616736071
"171","NZL","2005","vsl_coeff",0.964186988330284
"172","OMN","2005","vsl_coeff",0.660000566673373
"173","PAK","2005","vsl_coeff",0.0485171069563079
"174","PAN","2005","vsl_coeff",0.247250278997955
"175","PCN","2005","vsl_coeff",NA
"176","PER","2005","vsl_coeff",0.170840981207678
"177","PHL","2005","vsl_coeff",0.0649481071602842
"178","PLW","2005","vsl_coeff",0.428956468220802
"179","PNG","2005","vsl_coeff",0.0423380877799064
"180","POL","2005","vsl_coeff",0.437964571692635
"181","PRI","2005","vsl_coeff",0.939692104145312
"182","PRK","2005","vsl_coeff",0.0236935064477587
"183","PRT","2005","vsl_coeff",0.723266750811378
"184","PRY","2005","vsl_coeff",0.0949589331332517
"185","PSE","2005","vsl_coeff",0.0546386337918914
"186","PYF","2005","vsl_coeff",0.9442567203785
"187","QAT","2005","vsl_coeff",2.1016562938735
"188","REU","2005","vsl_coeff",NA
"189","ROU","2005","vsl_coeff",0.267851285054071
"190","RUS","2005","vsl_coeff",0.376897518148618
"191","RWA","2005","vsl_coeff",0.0157394137436474
"192","SAU","2005","vsl_coeff",0.724457317893593
"193","SDN","2005","vsl_coeff",0.037198845594365
"194","SEN","2005","vsl_coeff",0.0322456468636068
"195","SGP","2005","vsl_coeff",1.46724577824633
"196","SGS","2005","vsl_coeff",NA
"197","SHN","2005","vsl_coeff",NA
"198","SJM","2005","vsl_coeff",NA
"199","SLB","2005","vsl_coeff",0.0424501658952076
"200","SLE","2005","vsl_coeff",0.0119940537963919
"201","SLV","2005","vsl_coeff",0.164930186012482
"202","SMR","2005","vsl_coeff",2.33846585079253
"203","SOM","2005","vsl_coeff",0.0107041047816786
"204","SPM","2005","vsl_coeff",NA
"205","SRB","2005","vsl_coeff",0.232863909438239
"206","SSD","2005","vsl_coeff",0
"207","STP","2005","vsl_coeff",0.028972402297351
"208","SUR","2005","vsl_coeff",0.211865751073499
"209","SVK","2005","vsl_coeff",0.53680310967935
"210","SVN","2005","vsl_coeff",0.889180278937841
"211","SWE","2005","vsl_coeff",1.18747507579255
"212","SWZ","2005","vsl_coeff",0.105520574544791
"213","SXM","2005","vsl_coeff",0
"214","SYC","2005","vsl_coeff",0.657079333893642
"215","SYR","2005","vsl_coeff",0.10019489153023
"216","TCA","2005","vsl_coeff",1.15969485041634
"217","TCD","2005","vsl_coeff",0.029266013509739
"218","TGO","2005","vsl_coeff",0.0136243740334856
"219","THA","2005","vsl_coeff",0.193772079114618
"220","TJK","2005","vsl_coeff",0.0303546814562225
"221","TKL","2005","vsl_coeff",NA
"222","TKM","2005","vsl_coeff",0.119805268471792
"223","TLS","2005","vsl_coeff",0.0244295034594425
"224","TON","2005","vsl_coeff",0.155907017775137
"225","TTO","2005","vsl_coeff",0.740532617539197
"226","TUN","2005","vsl_coeff",0.174928553070697
"227","TUR","2005","vsl_coeff",0.323239324264699
"228","TUV","2005","vsl_coeff",0.110530142226711
"229","TWN","2005","vsl_coeff",NA
"230","TZA","2005","vsl_coeff",0.0197102133152908
"231","UGA","2005","vsl_coeff",0.0175887269721182
"232","UKR","2005","vsl_coeff",0.155588293602334
"233","UMI","2005","vsl_coeff",NA
"234","URY","2005","vsl_coeff",0.281881257991289
"235","USA","2005","vsl_coeff",1.43616673932676
"236","UZB","2005","vsl_coeff",0.041706273581008
"237","VAT","2005","vsl_coeff",NA
"238","VCT","2005","vsl_coeff",0.19018055841615
"239","VEN","2005","vsl_coeff",0.284059366855813
"240","VGB","2005","vsl_coeff",2.15976009702363
"241","VIR","2005","vsl_coeff",0
"242","VNM","2005","vsl_coeff",0.0492108955216311
"243","VUT","2005","vsl_coeff",0.107713997636799
"244","WLF","2005","vsl_coeff",NA
"245","WSM","2005","vsl_coeff",0.138555805053536
"246","YEM","2005","vsl_coeff",0.0494272236620223
"247","ZAF","2005","vsl_coeff",0.233882387178856
"248","ZMB","2005","vsl_coeff",0.0213397247283858
"249","ZWE","2005","vsl_coeff",0.00653111358039405
"250","ABW","2015","vsl_coeff",0.630064700524921
"251","AFG","2015","vsl_coeff",0.0270559886057036
"252","AGO","2015","vsl_coeff",0.168294125374387
"253","AIA","2015","vsl_coeff",NA
"254","ALA","2015","vsl_coeff",NA
"255","ALB","2015","vsl_coeff",0.240141251623101
"256","AND","2015","vsl_coeff",1.85571294109847
"257","ARE","2015","vsl_coeff",1.57266486793758
"258","ARG","2015","vsl_coeff",0.564914634894018
"259","ARM","2015","vsl_coeff",0.167254738301938
"260","ASM","2015","vsl_coeff",0
"261","ATA","2015","vsl_coeff",NA
"262","ATF","2015","vsl_coeff",NA
"263","ATG","2015","vsl_coeff",0.502782843664877
"264","AUS","2015","vsl_coeff",1.37586872480313
"265","AUT","2015","vsl_coeff",1.3374966006434
"266","AZE","2015","vsl_coeff",0.300208833774093
"267","BDI","2015","vsl_coeff",0.0097692110223859
"268","BEL","2015","vsl_coeff",1.23787348566464
"269","BEN","2015","vsl_coeff",0.0315767586132256
"270","BES","2015","vsl_coeff",NA
"271","BFA","2015","vsl_coeff",0.028393345798869
"272","BGD","2015","vsl_coeff",0.0439753827322393
"273","BGR","2015","vsl_coeff",0.44853342987851
"274","BHR","2015","vsl_coeff",0.920600957012928
"275","BHS","2015","vsl_coeff",1.0797109580078
"276","BIH","2015","vsl_coeff",0.253850436873045
"277","BLM","2015","vsl_coeff",NA
"278","BLR","2015","vsl_coeff",0.523453028441811
"279","BLZ","2015","vsl_coeff",0.2033768350055
"280","BMU","2015","vsl_coeff",2.37754371135671
"281","BOL","2015","vsl_coeff",0.136542390264017
"282","BRA","2015","vsl_coeff",0.366964036771601
"283","BRB","2015","vsl_coeff",0.713698583840051
"284","BRN","2015","vsl_coeff",1.60951445083934
"285","BTN","2015","vsl_coeff",0.244319467844004
"286","BVT","2015","vsl_coeff",NA
"287","BWA","2015","vsl_coeff",0.4865206401901
"288","CAF","2015","vsl_coeff",0.015345956297893
"289","CAN","2015","vsl_coeff",1.31976389128864
"290","CCK","2015","vsl_coeff",NA
"291","CHE","2015","vsl_coeff",1.40397389991893
"292","CHL","2015","vsl_coeff",0.556667404009919
"293","CHN","2015","vsl_coeff",0.33808328711236
"294","CIV","2015","vsl_coeff",0.0457547317847182
"295","CMR","2015","vsl_coeff",0.0544288375972714
"296","COD","2015","vsl_coeff",0.00667603936588463
"297","COG","2015","vsl_coeff",0.126257106628393
"298","COK","2015","vsl_coeff",NA
"299","COL","2015","vsl_coeff",0.303200533040578
"300","COM","2015","vsl_coeff",0.0212804101578472
"301","CPV","2015","vsl_coeff",0.109781304286601
"302","CRI","2015","vsl_coeff",0.392184250849916
"303","CUB","2015","vsl_coeff",0.248112633883025
"304","CUW","2015","vsl_coeff",0
"305","CXR","2015","vsl_coeff",NA
"306","CYM","2015","vsl_coeff",2.53773971984064
"307","CYP","2015","vsl_coeff",0.720314449507726
"308","CZE","2015","vsl_coeff",0.990756535568326
"309","DEU","2015","vsl_coeff",1.25413634921516
"310","DJI","2015","vsl_coeff",0.0615789743022633
"311","DMA","2015","vsl_coeff",0.235125163008287
"312","DNK","2015","vsl_coeff",1.2276224766675
"313","DOM","2015","vsl_coeff",0.310596798301756
"314","DZA","2015","vsl_coeff",0.236255581238204
"315","ECU","2015","vsl_coeff",0.237738612821258
"316","EGY","2015","vsl_coeff",0.181172037624784
"317","ERI","2015","vsl_coeff",0.00906313016580674
"318","ESH","2015","vsl_coeff",NA
"319","ESP","2015","vsl_coeff",1.02249336255788
"320","EST","2015","vsl_coeff",0.72038269292663
"321","ETH","2015","vsl_coeff",0.0231062396082983
"322","FIN","2015","vsl_coeff",1.21262715746996
"323","FJI","2015","vsl_coeff",0.115608629733966
"324","FLK","2015","vsl_coeff",NA
"325","FRA","2015","vsl_coeff",1.14590998930208
"326","FRO","2015","vsl_coeff",0
"327","FSM","2015","vsl_coeff",0.0324929899277355
"328","GAB","2015","vsl_coeff",0.460854847627351
"329","GBR","2015","vsl_coeff",1.22895626051667
"330","GEO","2015","vsl_coeff",0.183202714814023
"331","GGY","2015","vsl_coeff",NA
"332","GHA","2015","vsl_coeff",0.0455878148114126
"333","GIB","2015","vsl_coeff",0
"334","GIN","2015","vsl_coeff",0.0335164157213198
"335","GLP","2015","vsl_coeff",0
"336","GMB","2015","vsl_coeff",0.045388361591826
"337","GNB","2015","vsl_coeff",0.0231963286641199
"338","GNQ","2015","vsl_coeff",0.976141865566739
"339","GRC","2015","vsl_coeff",0.957093676476893
"340","GRD","2015","vsl_coeff",0.126331054267612
"341","GRL","2015","vsl_coeff",1.7816881224695
"342","GTM","2015","vsl_coeff",0.129715917557529
"343","GUF","2015","vsl_coeff",0
"344","GUM","2015","vsl_coeff",0
"345","GUY","2015","vsl_coeff",0.114453617524411
"346","HKG","2015","vsl_coeff",1.57706805344541
"347","HMD","2015","vsl_coeff",NA
"348","HND","2015","vsl_coeff",0.100771379296421
"349","HRV","2015","vsl_coeff",0.581648524683978
"350","HTI","2015","vsl_coeff",0.0269956342174907
"351","HUN","2015","vsl_coeff",0.626362446080089
"352","IDN","2015","vsl_coeff",0.145285985366855
"353","IMN","2015","vsl_coeff",0
"354","IND","2015","vsl_coeff",0.106027884937797
"355","IOT","2015","vsl_coeff",NA
"356","IRL","2015","vsl_coeff",1.2987550727493
"357","IRN","2015","vsl_coeff",0.346398565246168
"358","IRQ","2015","vsl_coeff",0.138057528666173
"359","ISL","2015","vsl_coeff",1.25910699925673
"360","ISR","2015","vsl_coeff",1.07822191821919
"361","ITA","2015","vsl_coeff",1.02901338839328
"362","JAM","2015","vsl_coeff",0.220671999234954
"363","JEY","2015","vsl_coeff",NA
"364","JOR","2015","vsl_coeff",0.156434577159846
"365","JPN","2015","vsl_coeff",1.16983693587883
"366","KAZ","2015","vsl_coeff",0.486517181409373
"367","KEN","2015","vsl_coeff",0.0375416960871633
"368","KGZ","2015","vsl_coeff",0.06045770579548
"369","KHM","2015","vsl_coeff",0.0630565099745354
"370","KIR","2015","vsl_coeff",0.0791155093351884
"371","KNA","2015","vsl_coeff",0.389167006288963
"372","KOR","2015","vsl_coeff",1.16431673192195
"373","KWT","2015","vsl_coeff",1.60808633979558
"374","LAO","2015","vsl_coeff",0.0828432242900972
"375","LBN","2015","vsl_coeff",0.494780763723532
"376","LBR","2015","vsl_coeff",0.0109905603105412
"377","LBY","2015","vsl_coeff",0.669171615597044
"378","LCA","2015","vsl_coeff",0.292666089482857
"379","LIE","2015","vsl_coeff",4.88063106595271
"380","LKA","2015","vsl_coeff",0.175788360437798
"381","LSO","2015","vsl_coeff",0.0364097850038159
"382","LTU","2015","vsl_coeff",0.646266155498716
"383","LUX","2015","vsl_coeff",2.2615881134367
"384","LVA","2015","vsl_coeff",0.544618966920177
"385","MAC","2015","vsl_coeff",1.91068380463955
"386","MAF","2015","vsl_coeff",0
"387","MAR","2015","vsl_coeff",0.140807739126206
"388","MCO","2015","vsl_coeff",6.36934739562714
"389","MDA","2015","vsl_coeff",0.091272945074467
"390","MDG","2015","vsl_coeff",0.0168659423769916
"391","MDV","2015","vsl_coeff",0.199891355324378
"392","MEX","2015","vsl_coeff",0.459714108212194
"393","MHL","2015","vsl_coeff",0.158674056850766
"394","MKD","2015","vsl_coeff",0.320115176300454
"395","MLI","2015","vsl_coeff",0.0210999891383196
"396","MLT","2015","vsl_coeff",0.890215510610383
"397","MMR","2015","vsl_coeff",0.0381562069653087
"398","MNE","2015","vsl_coeff",0.325674144485388
"399","MNG","2015","vsl_coeff",0.17651137815733
"400","MNP","2015","vsl_coeff",0
"401","MOZ","2015","vsl_coeff",0.0223315856603165
"402","MRT","2015","vsl_coeff",0.0565525041718801
"403","MSR","2015","vsl_coeff",NA
"404","MTQ","2015","vsl_coeff",0
"405","MUS","2015","vsl_coeff",0.469856395692797
"406","MWI","2015","vsl_coeff",0.0172437712932142
"407","MYS","2015","vsl_coeff",0.519473430899433
"408","MYT","2015","vsl_coeff",0
"409","NAM","2015","vsl_coeff",0.189462330032451
"410","NCL","2015","vsl_coeff",1.14565464747855
"411","NER","2015","vsl_coeff",0.0138572066255258
"412","NFK","2015","vsl_coeff",NA
"413","NGA","2015","vsl_coeff",0.0634358636450188
"414","NIC","2015","vsl_coeff",0.0686097330064459
"415","NIU","2015","vsl_coeff",NA
"416","NLD","2015","vsl_coeff",1.36690566206829
"417","NOR","2015","vsl_coeff",1.65636665680817
"418","NPL","2015","vsl_coeff",0.0259181318028992
"419","NRU","2015","vsl_coeff",0.13559327391113
"420","NZL","2015","vsl_coeff",1.01569313955413
"421","OMN","2015","vsl_coeff",0.984101647147608
"422","PAK","2015","vsl_coeff",0.0630764499588996
"423","PAN","2015","vsl_coeff",0.556579068004203
"424","PCN","2015","vsl_coeff",NA
"425","PER","2015","vsl_coeff",0.340438988881367
"426","PHL","2015","vsl_coeff",0.103331927725741
"427","PLW","2015","vsl_coeff",0.449352771577697
"428","PNG","2015","vsl_coeff",0.0726802140112969
"429","POL","2015","vsl_coeff",0.70453102321109
"430","PRI","2015","vsl_coeff",0.873835491095351
"431","PRK","2015","vsl_coeff",0.0100391400711848
"432","PRT","2015","vsl_coeff",0.780405096663188
"433","PRY","2015","vsl_coeff",0.142138444840633
"434","PSE","2015","vsl_coeff",0.0814067772699594
"435","PYF","2015","vsl_coeff",0.839191631645791
"436","QAT","2015","vsl_coeff",2.81909135254082
"437","REU","2015","vsl_coeff",0
"438","ROU","2015","vsl_coeff",0.391514065452043
"439","RUS","2015","vsl_coeff",0.592246759999268
"440","RWA","2015","vsl_coeff",0.0279687988522175
"441","SAU","2015","vsl_coeff",0.867004721742645
"442","SDN","2015","vsl_coeff",0.0564542221945293
"443","SEN","2015","vsl_coeff",0.0421771237538358
"444","SGP","2015","vsl_coeff",1.88746245802208
"445","SGS","2015","vsl_coeff",NA
"446","SHN","2015","vsl_coeff",NA
"447","SJM","2015","vsl_coeff",NA
"448","SLB","2015","vsl_coeff",0.0672405327936859
"449","SLE","2015","vsl_coeff",0.0201191141582095
"450","SLV","2015","vsl_coeff",0.189581684982041
"451","SMR","2015","vsl_coeff",2.38043849393438
"452","SOM","2015","vsl_coeff",0.00543080844916672
"453","SPM","2015","vsl_coeff",NA
"454","SRB","2015","vsl_coeff",0.269429749512403
"455","SSD","2015","vsl_coeff",0
"456","STP","2015","vsl_coeff",0.0886071342220768
"457","SUR","2015","vsl_coeff",0.286596301104789
"458","SVK","2015","vsl_coeff",0.847209130840572
"459","SVN","2015","vsl_coeff",1.00541080366834
"460","SWE","2015","vsl_coeff",1.30292714498148
"461","SWZ","2015","vsl_coeff",0.114892186964273
"462","SXM","2015","vsl_coeff",0
"463","SYC","2015","vsl_coeff",0.771632814075453
"464","SYR","2015","vsl_coeff",0.152639541921409
"465","TCA","2015","vsl_coeff",1.71689039079384
"466","TCD","2015","vsl_coeff",0.0293247317472136
"467","TGO","2015","vsl_coeff",0.019542127828496
"468","THA","2015","vsl_coeff",0.293556635225674
"469","TJK","2015","vsl_coeff",0.0551782562859749
"470","TKL","2015","vsl_coeff",NA
"471","TKM","2015","vsl_coeff",0.34037979964647
"472","TLS","2015","vsl_coeff",0.0444305058050319
"473","TON","2015","vsl_coeff",0.137921490818719
"474","TTO","2015","vsl_coeff",1.0195990891528
"475","TUN","2015","vsl_coeff",0.293429612158556
"476","TUR","2015","vsl_coeff",0.477721355203473
"477","TUV","2015","vsl_coeff",0.12102432323826
"478","TWN","2015","vsl_coeff",1.67797071484924
"479","TZA","2015","vsl_coeff",0.0333735388877327
"480","UGA","2015","vsl_coeff",0.0288341629809513
"481","UKR","2015","vsl_coeff",0.217521825115634
"482","UMI","2015","vsl_coeff",NA
"483","URY","2015","vsl_coeff",0.504633321388304
"484","USA","2015","vsl_coeff",1.54599284302729
"485","UZB","2015","vsl_coeff",0.0940181178864492
"486","VAT","2015","vsl_coeff",NA
"487","VCT","2015","vsl_coeff",0.307978682668307
"488","VEN","2015","vsl_coeff",0.371501639369828
"489","VGB","2015","vsl_coeff",2.36112802500716
"490","VIR","2015","vsl_coeff",0
"491","VNM","2015","vsl_coeff",0.098787669424953
"492","VUT","2015","vsl_coeff",0.127080769220364
"493","WLF","2015","vsl_coeff",NA
"494","WSM","2015","vsl_coeff",0.131088242183947
"495","YEM","2015","vsl_coeff",0.051690372279745
"496","ZAF","2015","vsl_coeff",0.339098834135657
"497","ZMB","2015","vsl_coeff",0.03729232876246
"498","ZWE","2015","vsl_coeff",0.00732813080895197
"499","ABW","2020","vsl_coeff",0.129677550103322
"500","AFG","2020","vsl_coeff",0.0306027593825629
"501","AGO","2020","vsl_coeff",0.19197445869297
"502","AIA","2020","vsl_coeff",NA
"503","ALA","2020","vsl_coeff",NA
"504","ALB","2020","vsl_coeff",0.278844813654372
"505","AND","2020","vsl_coeff",NA
"506","ARE","2020","vsl_coeff",1.60185988120449
"507","ARG","2020","vsl_coeff",0.691176650713714
"508","ARM","2020","vsl_coeff",0.200051686218408
"509","ASM","2020","vsl_coeff",NA
"510","ATA","2020","vsl_coeff",NA
"511","ATF","2020","vsl_coeff",NA
"512","ATG","2020","vsl_coeff",NA
"513","AUS","2020","vsl_coeff",1.43925761289718
"514","AUT","2020","vsl_coeff",1.4074006323247
"515","AZE","2020","vsl_coeff",0.318429204967061
"516","BDI","2020","vsl_coeff",0.0131991913479948
"517","BEL","2020","vsl_coeff",1.28639810080025
"518","BEN","2020","vsl_coeff",0.0355149592883912
"519","BES","2020","vsl_coeff",NA
"520","BFA","2020","vsl_coeff",0.034043574044226
"521","BGD","2020","vsl_coeff",0.0588731605872071
"522","BGR","2020","vsl_coeff",0.561858462858699
"523","BHR","2020","vsl_coeff",0.904624824507015
"524","BHS","2020","vsl_coeff",1.14852663361972
"525","BIH","2020","vsl_coeff",0.306390398006187
"526","BLM","2020","vsl_coeff",NA
"527","BLR","2020","vsl_coeff",0.654036866656698
"528","BLZ","2020","vsl_coeff",0.202498509087257
"529","BMU","2020","vsl_coeff",NA
"530","BOL","2020","vsl_coeff",0.168135111165478
"531","BRA","2020","vsl_coeff",0.428095305783779
"532","BRB","2020","vsl_coeff",0.701431912196334
"533","BRN","2020","vsl_coeff",1.71323551531128
"534","BTN","2020","vsl_coeff",0.349673802040207
"535","BVT","2020","vsl_coeff",NA
"536","BWA","2020","vsl_coeff",0.585487682457679
"537","CAF","2020","vsl_coeff",0.0181902609976203
"538","CAN","2020","vsl_coeff",1.38131315933721
"539","CCK","2020","vsl_coeff",NA
"540","CHE","2020","vsl_coeff",1.47407976514766
"541","CHL","2020","vsl_coeff",0.686238708992241
"542","CHN","2020","vsl_coeff",0.483191967738488
"543","CIV","2020","vsl_coeff",0.060053144352064
"544","CMR","2020","vsl_coeff",0.0653276912758126
"545","COD","2020","vsl_coeff",0.00869355208088265
"546","COG","2020","vsl_coeff",0.16280745422266
"547","COK","2020","vsl_coeff",NA
"548","COL","2020","vsl_coeff",0.360925292292109
"549","COM","2020","vsl_coeff",0.0226175429926978
"550","CPV","2020","vsl_coeff",0.133566563351816
"551","CRI","2020","vsl_coeff",0.458299199733361
"552","CUB","2020","vsl_coeff",0.220613003706347
"553","CUW","2020","vsl_coeff",NA
"554","CXR","2020","vsl_coeff",NA
"555","CYM","2020","vsl_coeff",NA
"556","CYP","2020","vsl_coeff",0.628092195110394
"557","CZE","2020","vsl_coeff",1.16162234520287
"558","DEU","2020","vsl_coeff",1.33216483522823
"559","DJI","2020","vsl_coeff",0.0723461187814199
"560","DMA","2020","vsl_coeff",NA
"561","DNK","2020","vsl_coeff",1.26711632427365
"562","DOM","2020","vsl_coeff",0.362147238943219
"563","DZA","2020","vsl_coeff",0.280287158085822
"564","ECU","2020","vsl_coeff",0.274925980372423
"565","EGY","2020","vsl_coeff",0.215199642084656
"566","ERI","2020","vsl_coeff",0.00859429561011455
"567","ESH","2020","vsl_coeff",NA
"568","ESP","2020","vsl_coeff",1.04289945925163
"569","EST","2020","vsl_coeff",0.892574891599508
"570","ETH","2020","vsl_coeff",0.0299206343167587
"571","FIN","2020","vsl_coeff",1.28476883860897
"572","FJI","2020","vsl_coeff",0.124629598398169
"573","FLK","2020","vsl_coeff",NA
"574","FRA","2020","vsl_coeff",1.18636299386951
"575","FRO","2020","vsl_coeff",NA
"576","FSM","2020","vsl_coeff",0
"577","GAB","2020","vsl_coeff",0.52345056027815
"578","GBR","2020","vsl_coeff",1.29178597249819
"579","GEO","2020","vsl_coeff",0.243718203714178
"580","GGY","2020","vsl_coeff",NA
"581","GHA","2020","vsl_coeff",0.0605242551840553
"582","GIB","2020","vsl_coeff",NA
"583","GIN","2020","vsl_coeff",0.0484162113961297
"584","GLP","2020","vsl_coeff",0
"585","GMB","2020","vsl_coeff",0.0563715926845846
"586","GNB","2020","vsl_coeff",0.0283416327518536
"587","GNQ","2020","vsl_coeff",1.17790429725342
"588","GRC","2020","vsl_coeff",0.945397489119828
"589","GRD","2020","vsl_coeff",0
"590","GRL","2020","vsl_coeff",NA
"591","GTM","2020","vsl_coeff",0.128050535305194
"592","GUF","2020","vsl_coeff",0
"593","GUM","2020","vsl_coeff",0
"594","GUY","2020","vsl_coeff",0.124501626539473
"595","HKG","2020","vsl_coeff",1.76458132526403
"596","HMD","2020","vsl_coeff",NA
"597","HND","2020","vsl_coeff",0.10892218563128
"598","HRV","2020","vsl_coeff",0.646355711357898
"599","HTI","2020","vsl_coeff",0.0318791768819862
"600","HUN","2020","vsl_coeff",0.686871211955721
"601","IDN","2020","vsl_coeff",0.186828744995449
"602","IMN","2020","vsl_coeff",NA
"603","IND","2020","vsl_coeff",0.132381542798151
"604","IOT","2020","vsl_coeff",NA
"605","IRL","2020","vsl_coeff",1.36546528816495
"606","IRN","2020","vsl_coeff",0.374062013021178
"607","IRQ","2020","vsl_coeff",0.173880183741199
"608","ISL","2020","vsl_coeff",1.30914468082553
"609","ISR","2020","vsl_coeff",1.1624278083912
"610","ITA","2020","vsl_coeff",1.05741066586217
"611","JAM","2020","vsl_coeff",0.219924904308327
"612","JEY","2020","vsl_coeff",NA
"613","JOR","2020","vsl_coeff",0.179625451392278
"614","JPN","2020","vsl_coeff",1.21691835642923
"615","KAZ","2020","vsl_coeff",0.617061808002883
"616","KEN","2020","vsl_coeff",0.0443621962447977
"617","KGZ","2020","vsl_coeff",0.0732512726408661
"618","KHM","2020","vsl_coeff",0.0859449728731989
"619","KIR","2020","vsl_coeff",NA
"620","KNA","2020","vsl_coeff",NA
"621","KOR","2020","vsl_coeff",1.33436742464251
"622","KWT","2020","vsl_coeff",1.7629631103183
"623","LAO","2020","vsl_coeff",0.109989241375872
"624","LBN","2020","vsl_coeff",0.559113265698779
"625","LBR","2020","vsl_coeff",0.0147375301873436
"626","LBY","2020","vsl_coeff",0.760463452480611
"627","LCA","2020","vsl_coeff",0.270568232918709
"628","LIE","2020","vsl_coeff",NA
"629","LKA","2020","vsl_coeff",0.233077896744787
"630","LSO","2020","vsl_coeff",0.0458051724427675
"631","LTU","2020","vsl_coeff",0.798959375293753
"632","LUX","2020","vsl_coeff",2.23959994365693
"633","LVA","2020","vsl_coeff",0.675060916877469
"634","MAC","2020","vsl_coeff",2.02063466780284
"635","MAF","2020","vsl_coeff",NA
"636","MAR","2020","vsl_coeff",0.181115133482231
"637","MCO","2020","vsl_coeff",NA
"638","MDA","2020","vsl_coeff",0.127982667706898
"639","MDG","2020","vsl_coeff",0.0185024991137432
"640","MDV","2020","vsl_coeff",0.278586430467337
"641","MEX","2020","vsl_coeff",0.516653614898983
"642","MHL","2020","vsl_coeff",NA
"643","MKD","2020","vsl_coeff",0.397622685934364
"644","MLI","2020","vsl_coeff",0.0213248998578332
"645","MLT","2020","vsl_coeff",1.00092885371959
"646","MMR","2020","vsl_coeff",0.0562443104875084
"647","MNE","2020","vsl_coeff",0.384822859142045
"648","MNG","2020","vsl_coeff",0.265809671067335
"649","MNP","2020","vsl_coeff",NA
"650","MOZ","2020","vsl_coeff",0.0284605001601161
"651","MRT","2020","vsl_coeff",0.0733163573845671
"652","MSR","2020","vsl_coeff",NA
"653","MTQ","2020","vsl_coeff",0
"654","MUS","2020","vsl_coeff",0.586939087365391
"655","MWI","2020","vsl_coeff",0.0201855851164575
"656","MYS","2020","vsl_coeff",0.620100631302748
"657","MYT","2020","vsl_coeff",0
"658","NAM","2020","vsl_coeff",0.218628198086867
"659","NCL","2020","vsl_coeff",0.848697801641673
"660","NER","2020","vsl_coeff",0.0164997000024524
"661","NFK","2020","vsl_coeff",NA
"662","NGA","2020","vsl_coeff",0.0767966054731028
"663","NIC","2020","vsl_coeff",0.0803086777693855
"664","NIU","2020","vsl_coeff",NA
"665","NLD","2020","vsl_coeff",1.41150579507205
"666","NOR","2020","vsl_coeff",1.71754475591571
"667","NPL","2020","vsl_coeff",0.0285805464419218
"668","NRU","2020","vsl_coeff",NA
"669","NZL","2020","vsl_coeff",1.05488335520592
"670","OMN","2020","vsl_coeff",1.14955744025623
"671","PAK","2020","vsl_coeff",0.0688102338526055
"672","PAN","2020","vsl_coeff",0.75245624955542
"673","PCN","2020","vsl_coeff",NA
"674","PER","2020","vsl_coeff",0.443134085585906
"675","PHL","2020","vsl_coeff",0.125819130689996
"676","PLW","2020","vsl_coeff",NA
"677","PNG","2020","vsl_coeff",0.0894329733348127
"678","POL","2020","vsl_coeff",0.837761699471622
"679","PRI","2020","vsl_coeff",0.835984391343481
"680","PRK","2020","vsl_coeff",0
"681","PRT","2020","vsl_coeff",0.827759583229914
"682","PRY","2020","vsl_coeff",0.171375055258518
"683","PSE","2020","vsl_coeff",0.105715715346422
"684","PYF","2020","vsl_coeff",0.71066573996923
"685","QAT","2020","vsl_coeff",2.93016889625474
"686","REU","2020","vsl_coeff",0
"687","ROU","2020","vsl_coeff",0.469859412274568
"688","RUS","2020","vsl_coeff",0.722231409550939
"689","RWA","2020","vsl_coeff",0.033580639589038
"690","SAU","2020","vsl_coeff",0.949981769733915
"691","SDN","2020","vsl_coeff",0.0615089400759393
"692","SEN","2020","vsl_coeff",0.049280252813685
"693","SGP","2020","vsl_coeff",2.06569010385951
"694","SGS","2020","vsl_coeff",NA
"695","SHN","2020","vsl_coeff",NA
"696","SJM","2020","vsl_coeff",NA
"697","SLB","2020","vsl_coeff",0.0787193063894801
"698","SLE","2020","vsl_coeff",0.0254665796361571
"699","SLV","2020","vsl_coeff",0.202268542343243
"700","SMR","2020","vsl_coeff",NA
"701","SOM","2020","vsl_coeff",0.000441659755402945
"702","SPM","2020","vsl_coeff",NA
"703","SRB","2020","vsl_coeff",0.257909023468311
"704","SSD","2020","vsl_coeff",NA
"705","STP","2020","vsl_coeff",0.143727689886867
"706","SUR","2020","vsl_coeff",0.314648878522911
"707","SVK","2020","vsl_coeff",0.987483582451312
"708","SVN","2020","vsl_coeff",1.06621509013109
"709","SWE","2020","vsl_coeff",1.37747831997981
"710","SWZ","2020","vsl_coeff",0.11444731781325
"711","SXM","2020","vsl_coeff",NA
"712","SYC","2020","vsl_coeff",NA
"713","SYR","2020","vsl_coeff",0.189442660060728
"714","TCA","2020","vsl_coeff",NA
"715","TCD","2020","vsl_coeff",0.0313055583851266
"716","TGO","2020","vsl_coeff",0.024948300919001
"717","THA","2020","vsl_coeff",0.355869803498844
"718","TJK","2020","vsl_coeff",0.0724487462147445
"719","TKL","2020","vsl_coeff",NA
"720","TKM","2020","vsl_coeff",0.494245716922004
"721","TLS","2020","vsl_coeff",0.0566810107862405
"722","TON","2020","vsl_coeff",0.120716132485132
"723","TTO","2020","vsl_coeff",1.03940801583865
"724","TUN","2020","vsl_coeff",0.367354854211641
"725","TUR","2020","vsl_coeff",0.59001120111313
"726","TUV","2020","vsl_coeff",NA
"727","TWN","2020","vsl_coeff",1.67797071484924
"728","TZA","2020","vsl_coeff",0.0394302123272426
"729","UGA","2020","vsl_coeff",0.033779211322208
"730","UKR","2020","vsl_coeff",0.272747122615345
"731","UMI","2020","vsl_coeff",NA
"732","URY","2020","vsl_coeff",0.614105242781616
"733","USA","2020","vsl_coeff",1.65205112751561
"734","UZB","2020","vsl_coeff",0.127934634359573
"735","VAT","2020","vsl_coeff",NA
"736","VCT","2020","vsl_coeff",0.374015935180356
"737","VEN","2020","vsl_coeff",0.427233723755975
"738","VGB","2020","vsl_coeff",NA
"739","VIR","2020","vsl_coeff",0
"740","VNM","2020","vsl_coeff",0.128113909481531
"741","VUT","2020","vsl_coeff",0.123549029769602
"742","WLF","2020","vsl_coeff",NA
"743","WSM","2020","vsl_coeff",0.124045831044454
"744","YEM","2020","vsl_coeff",0.0502728215222668
"745","ZAF","2020","vsl_coeff",0.41222224531611
"746","ZMB","2020","vsl_coeff",0.046205452084022
"747","ZWE","2020","vsl_coeff",0.009511720352837
"748","ABW","2030","vsl_coeff",0.181252040128576
"749","AFG","2030","vsl_coeff",0.0430950307491288
"750","AGO","2030","vsl_coeff",0.192361083603888
"751","AIA","2030","vsl_coeff",NA
"752","ALA","2030","vsl_coeff",NA
"753","ALB","2030","vsl_coeff",0.370373239194496
"754","AND","2030","vsl_coeff",NA
"755","ARE","2030","vsl_coeff",1.83069835773541
"756","ARG","2030","vsl_coeff",0.950381508676709
"757","ARM","2030","vsl_coeff",0.299434450566994
"758","ASM","2030","vsl_coeff",NA
"759","ATA","2030","vsl_coeff",NA
"760","ATF","2030","vsl_coeff",NA
"761","ATG","2030","vsl_coeff",NA
"762","AUS","2030","vsl_coeff",1.59483837881604
"763","AUT","2030","vsl_coeff",1.54921510242345
"764","AZE","2030","vsl_coeff",0.371775835275546
"765","BDI","2030","vsl_coeff",0.0239393378888226
"766","BEL","2030","vsl_coeff",1.43957770793925
"767","BEN","2030","vsl_coeff",0.0526569984677674
"768","BES","2030","vsl_coeff",NA
"769","BFA","2030","vsl_coeff",0.0553420739181484
"770","BGD","2030","vsl_coeff",0.105112427711238
"771","BGR","2030","vsl_coeff",0.883830820022194
"772","BHR","2030","vsl_coeff",1.09867264095799
"773","BHS","2030","vsl_coeff",1.25468422103964
"774","BIH","2030","vsl_coeff",0.486130323239685
"775","BLM","2030","vsl_coeff",NA
"776","BLR","2030","vsl_coeff",0.965288811387161
"777","BLZ","2030","vsl_coeff",0.268691578201841
"778","BMU","2030","vsl_coeff",NA
"779","BOL","2030","vsl_coeff",0.26817442379424
"780","BRA","2030","vsl_coeff",0.569690887343734
"781","BRB","2030","vsl_coeff",0.847241033354878
"782","BRN","2030","vsl_coeff",1.91873926026944
"783","BTN","2030","vsl_coeff",0.689241299524195
"784","BVT","2030","vsl_coeff",NA
"785","BWA","2030","vsl_coeff",0.796551510322766
"786","CAF","2030","vsl_coeff",0.029871140048542
"787","CAN","2030","vsl_coeff",1.50056132003393
"788","CCK","2030","vsl_coeff",NA
"789","CHE","2030","vsl_coeff",1.61201914454811
"790","CHL","2030","vsl_coeff",0.948652786608336
"791","CHN","2030","vsl_coeff",0.878925996566935
"792","CIV","2030","vsl_coeff",0.139806789442207
"793","CMR","2030","vsl_coeff",0.108055271506778
"794","COD","2030","vsl_coeff",0.0211034003525488
"795","COG","2030","vsl_coeff",0.257707001697944
"796","COK","2030","vsl_coeff",NA
"797","COL","2030","vsl_coeff",0.471449969135148
"798","COM","2030","vsl_coeff",0.0394535330825987
"799","CPV","2030","vsl_coeff",0.203483316684583
"800","CRI","2030","vsl_coeff",0.617189708616676
"801","CUB","2030","vsl_coeff",0.293109757674829
"802","CUW","2030","vsl_coeff",NA
"803","CXR","2030","vsl_coeff",NA
"804","CYM","2030","vsl_coeff",NA
"805","CYP","2030","vsl_coeff",0.703284104532635
"806","CZE","2030","vsl_coeff",1.59946423085412
"807","DEU","2030","vsl_coeff",1.44389029691286
"808","DJI","2030","vsl_coeff",0.130981518137743
"809","DMA","2030","vsl_coeff",NA
"810","DNK","2030","vsl_coeff",1.36395675552061
"811","DOM","2030","vsl_coeff",0.495168435256287
"812","DZA","2030","vsl_coeff",0.386013478463118
"813","ECU","2030","vsl_coeff",0.375461418764869
"814","EGY","2030","vsl_coeff",0.352740303017582
"815","ERI","2030","vsl_coeff",0.0112403929892148
"816","ESH","2030","vsl_coeff",NA
"817","ESP","2030","vsl_coeff",1.12179528408219
"818","EST","2030","vsl_coeff",1.25614665461302
"819","ETH","2030","vsl_coeff",0.0497944440717391
"820","FIN","2030","vsl_coeff",1.41034266364692
"821","FJI","2030","vsl_coeff",0.171395292208356
"822","FLK","2030","vsl_coeff",NA
"823","FRA","2030","vsl_coeff",1.30971928315523
"824","FRO","2030","vsl_coeff",NA
"825","FSM","2030","vsl_coeff",0
"826","GAB","2030","vsl_coeff",0.665252008423538
"827","GBR","2030","vsl_coeff",1.43904950171696
"828","GEO","2030","vsl_coeff",0.394424480417985
"829","GGY","2030","vsl_coeff",NA
"830","GHA","2030","vsl_coeff",0.102842677915712
"831","GIB","2030","vsl_coeff",NA
"832","GIN","2030","vsl_coeff",0.123373924039362
"833","GLP","2030","vsl_coeff",0
"834","GMB","2030","vsl_coeff",0.0921624774271818
"835","GNB","2030","vsl_coeff",0.0493840747299529
"836","GNQ","2030","vsl_coeff",1.391967983742
"837","GRC","2030","vsl_coeff",1.10791633835142
"838","GRD","2030","vsl_coeff",0
"839","GRL","2030","vsl_coeff",NA
"840","GTM","2030","vsl_coeff",0.185888473354099
"841","GUF","2030","vsl_coeff",0
"842","GUM","2030","vsl_coeff",0
"843","GUY","2030","vsl_coeff",0.185193777500656
"844","HKG","2030","vsl_coeff",2.01392387464058
"845","HMD","2030","vsl_coeff",NA
"846","HND","2030","vsl_coeff",0.161445722635072
"847","HRV","2030","vsl_coeff",0.799345438845293
"848","HTI","2030","vsl_coeff",0.0597739449685117
"849","HUN","2030","vsl_coeff",0.907633759272887
"850","IDN","2030","vsl_coeff",0.338347293795749
"851","IMN","2030","vsl_coeff",NA
"852","IND","2030","vsl_coeff",0.230955767505365
"853","IOT","2030","vsl_coeff",NA
"854","IRL","2030","vsl_coeff",1.50893410134988
"855","IRN","2030","vsl_coeff",0.505005249183181
"856","IRQ","2030","vsl_coeff",0.233249916711108
"857","ISL","2030","vsl_coeff",1.49548024028208
"858","ISR","2030","vsl_coeff",1.33797483038765
"859","ITA","2030","vsl_coeff",1.16235823145391
"860","JAM","2030","vsl_coeff",0.269825293829762
"861","JEY","2030","vsl_coeff",NA
"862","JOR","2030","vsl_coeff",0.295122361056471
"863","JPN","2030","vsl_coeff",1.35423100746575
"864","KAZ","2030","vsl_coeff",1.02097985137114
"865","KEN","2030","vsl_coeff",0.0705197957799779
"866","KGZ","2030","vsl_coeff",0.126190088731151
"867","KHM","2030","vsl_coeff",0.149985350062894
"868","KIR","2030","vsl_coeff",NA
"869","KNA","2030","vsl_coeff",NA
"870","KOR","2030","vsl_coeff",1.66427484269174
"871","KWT","2030","vsl_coeff",2.02798686758383
"872","LAO","2030","vsl_coeff",0.192365727161739
"873","LBN","2030","vsl_coeff",0.802444179053356
"874","LBR","2030","vsl_coeff",0.0305963332419732
"875","LBY","2030","vsl_coeff",1.0452963409423
"876","LCA","2030","vsl_coeff",0.357067123471413
"877","LIE","2030","vsl_coeff",NA
"878","LKA","2030","vsl_coeff",0.398450351192003
"879","LSO","2030","vsl_coeff",0.0743272342691432
"880","LTU","2030","vsl_coeff",1.04110397640107
"881","LUX","2030","vsl_coeff",2.38243834430295
"882","LVA","2030","vsl_coeff",0.950745583111805
"883","MAC","2030","vsl_coeff",2.11479605758292
"884","MAF","2030","vsl_coeff",NA
"885","MAR","2030","vsl_coeff",0.31549394044745
"886","MCO","2030","vsl_coeff",NA
"887","MDA","2030","vsl_coeff",0.24573207250849
"888","MDG","2030","vsl_coeff",0.0304626877242965
"889","MDV","2030","vsl_coeff",0.38157738205126
"890","MEX","2030","vsl_coeff",0.674654220724082
"891","MHL","2030","vsl_coeff",NA
"892","MKD","2030","vsl_coeff",0.599018986808571
"893","MLI","2030","vsl_coeff",0.0345473759843148
"894","MLT","2030","vsl_coeff",1.29585092385399
"895","MMR","2030","vsl_coeff",0.0909968378789303
"896","MNE","2030","vsl_coeff",0.50968451285769
"897","MNG","2030","vsl_coeff",0.517755067764604
"898","MNP","2030","vsl_coeff",NA
"899","MOZ","2030","vsl_coeff",0.0504319530210746
"900","MRT","2030","vsl_coeff",0.111676549549852
"901","MSR","2030","vsl_coeff",NA
"902","MTQ","2030","vsl_coeff",0
"903","MUS","2030","vsl_coeff",0.850827617294614
"904","MWI","2030","vsl_coeff",0.0329794147239202
"905","MYS","2030","vsl_coeff",0.878202383551337
"906","MYT","2030","vsl_coeff",0
"907","NAM","2030","vsl_coeff",0.322579674652266
"908","NCL","2030","vsl_coeff",0.999879884960553
"909","NER","2030","vsl_coeff",0.0245413529282699
"910","NFK","2030","vsl_coeff",NA
"911","NGA","2030","vsl_coeff",0.12285521492517
"912","NIC","2030","vsl_coeff",0.135965244705128
"913","NIU","2030","vsl_coeff",NA
"914","NLD","2030","vsl_coeff",1.55265747943965
"915","NOR","2030","vsl_coeff",1.79549392029899
"916","NPL","2030","vsl_coeff",0.0456036746373348
"917","NRU","2030","vsl_coeff",NA
"918","NZL","2030","vsl_coeff",1.15100007054773
"919","OMN","2030","vsl_coeff",1.42432085097585
"920","PAK","2030","vsl_coeff",0.101890850276608
"921","PAN","2030","vsl_coeff",1.11933671147122
"922","PCN","2030","vsl_coeff",NA
"923","PER","2030","vsl_coeff",0.685982160935241
"924","PHL","2030","vsl_coeff",0.181480966741032
"925","PLW","2030","vsl_coeff",NA
"926","PNG","2030","vsl_coeff",0.139398741684391
"927","POL","2030","vsl_coeff",1.12138691445963
"928","PRI","2030","vsl_coeff",0.98407373250188
"929","PRK","2030","vsl_coeff",0
"930","PRT","2030","vsl_coeff",1.00440771709772
"931","PRY","2030","vsl_coeff",0.271643142767666
"932","PSE","2030","vsl_coeff",0.196326876008059
"933","PYF","2030","vsl_coeff",0.742911426330873
"934","QAT","2030","vsl_coeff",3.21743447613546
"935","REU","2030","vsl_coeff",0
"936","ROU","2030","vsl_coeff",0.683479262954443
"937","RUS","2030","vsl_coeff",1.06533002300714
"938","RWA","2030","vsl_coeff",0.0582494150505523
"939","SAU","2030","vsl_coeff",1.20157908073449
"940","SDN","2030","vsl_coeff",0.0975838025266283
"941","SEN","2030","vsl_coeff",0.0776364982197133
"942","SGP","2030","vsl_coeff",2.36220219677357
"943","SGS","2030","vsl_coeff",NA
"944","SHN","2030","vsl_coeff",NA
"945","SJM","2030","vsl_coeff",NA
"946","SLB","2030","vsl_coeff",0.123844092769967
"947","SLE","2030","vsl_coeff",0.0421057032204588
"948","SLV","2030","vsl_coeff",0.272742885298427
"949","SMR","2030","vsl_coeff",NA
"950","SOM","2030","vsl_coeff",0.000870491366138032
"951","SPM","2030","vsl_coeff",NA
"952","SRB","2030","vsl_coeff",0.349557123700164
"953","SSD","2030","vsl_coeff",NA
"954","STP","2030","vsl_coeff",0.296560129668607
"955","SUR","2030","vsl_coeff",0.48495849291777
"956","SVK","2030","vsl_coeff",1.32024460961526
"957","SVN","2030","vsl_coeff",1.22189393414145
"958","SWE","2030","vsl_coeff",1.52968351175003
"959","SWZ","2030","vsl_coeff",0.155168607070313
"960","SXM","2030","vsl_coeff",NA
"961","SYC","2030","vsl_coeff",NA
"962","SYR","2030","vsl_coeff",0.310785089343977
"963","TCA","2030","vsl_coeff",NA
"964","TCD","2030","vsl_coeff",0.0467535843447086
"965","TGO","2030","vsl_coeff",0.0397882976849256
"966","THA","2030","vsl_coeff",0.584540521016095
"967","TJK","2030","vsl_coeff",0.130463213672334
"968","TKL","2030","vsl_coeff",NA
"969","TKM","2030","vsl_coeff",0.964884049574032
"970","TLS","2030","vsl_coeff",0.102512180946167
"971","TON","2030","vsl_coeff",0.167901926899927
"972","TTO","2030","vsl_coeff",1.34834019784289
"973","TUN","2030","vsl_coeff",0.618870891311432
"974","TUR","2030","vsl_coeff",0.801311487515314
"975","TUV","2030","vsl_coeff",NA
"976","TWN","2030","vsl_coeff",2.05634081830374
"977","TZA","2030","vsl_coeff",0.0692835518410328
"978","UGA","2030","vsl_coeff",0.0567935539903047
"979","UKR","2030","vsl_coeff",0.437598847742047
"980","UMI","2030","vsl_coeff",NA
"981","URY","2030","vsl_coeff",0.859367127042664
"982","USA","2030","vsl_coeff",1.84073161755807
"983","UZB","2030","vsl_coeff",0.227598418561944
"984","VAT","2030","vsl_coeff",NA
"985","VCT","2030","vsl_coeff",0.477712840820501
"986","VEN","2030","vsl_coeff",0.550838108226398
"987","VGB","2030","vsl_coeff",NA
"988","VIR","2030","vsl_coeff",0
"989","VNM","2030","vsl_coeff",0.221786683974445
"990","VUT","2030","vsl_coeff",0.181029813774263
"991","WLF","2030","vsl_coeff",NA
"992","WSM","2030","vsl_coeff",0.171544226217452
"993","YEM","2030","vsl_coeff",0.0755704831283763
"994","ZAF","2030","vsl_coeff",0.591399026125455
"995","ZMB","2030","vsl_coeff",0.0790490759215382
"996","ZWE","2030","vsl_coeff",0.016840846001568
"997","ABW","2040","vsl_coeff",0.251850486303239
"998","AFG","2040","vsl_coeff",0.0655496148016
"999","AGO","2040","vsl_coeff",0.177502850408272
"1000","AIA","2040","vsl_coeff",NA
"1001","ALA","2040","vsl_coeff",NA
"1002","ALB","2040","vsl_coeff",0.482853169365735
"1003","AND","2040","vsl_coeff",NA
"1004","ARE","2040","vsl_coeff",2.02359529777238
"1005","ARG","2040","vsl_coeff",1.23434265890934
"1006","ARM","2040","vsl_coeff",0.425219804605565
"1007","ASM","2040","vsl_coeff",NA
"1008","ATA","2040","vsl_coeff",NA
"1009","ATF","2040","vsl_coeff",NA
"1010","ATG","2040","vsl_coeff",NA
"1011","AUS","2040","vsl_coeff",1.73110456473357
"1012","AUT","2040","vsl_coeff",1.72020939924056
"1013","AZE","2040","vsl_coeff",0.39610338755465
"1014","BDI","2040","vsl_coeff",0.0459701272187693
"1015","BEL","2040","vsl_coeff",1.63743543692666
"1016","BEN","2040","vsl_coeff",0.0827971693262517
"1017","BES","2040","vsl_coeff",NA
"1018","BFA","2040","vsl_coeff",0.0906874372031295
"1019","BGD","2040","vsl_coeff",0.169468620092562
"1020","BGR","2040","vsl_coeff",1.22318891895091
"1021","BHR","2040","vsl_coeff",1.28637960216458
"1022","BHS","2040","vsl_coeff",1.35373011300047
"1023","BIH","2040","vsl_coeff",0.699006895902227
"1024","BLM","2040","vsl_coeff",NA
"1025","BLR","2040","vsl_coeff",1.29558982062227
"1026","BLZ","2040","vsl_coeff",0.368959117915799
"1027","BMU","2040","vsl_coeff",NA
"1028","BOL","2040","vsl_coeff",0.413991595215667
"1029","BRA","2040","vsl_coeff",0.711517385936209
"1030","BRB","2040","vsl_coeff",1.02103701343156
"1031","BRN","2040","vsl_coeff",2.12391593713598
"1032","BTN","2040","vsl_coeff",1.12271395498309
"1033","BVT","2040","vsl_coeff",NA
"1034","BWA","2040","vsl_coeff",1.00606705226991
"1035","CAF","2040","vsl_coeff",0.0504183179268907
"1036","CAN","2040","vsl_coeff",1.64385338065405
"1037","CCK","2040","vsl_coeff",NA
"1038","CHE","2040","vsl_coeff",1.77262594723404
"1039","CHL","2040","vsl_coeff",1.22910958316716
"1040","CHN","2040","vsl_coeff",1.2470805699702
"1041","CIV","2040","vsl_coeff",0.2787340665328
"1042","CMR","2040","vsl_coeff",0.177221871868484
"1043","COD","2040","vsl_coeff",0.0457229280864395
"1044","COG","2040","vsl_coeff",0.383098837748245
"1045","COK","2040","vsl_coeff",NA
"1046","COL","2040","vsl_coeff",0.626812660703006
"1047","COM","2040","vsl_coeff",0.0705831918656245
"1048","CPV","2040","vsl_coeff",0.294613851440712
"1049","CRI","2040","vsl_coeff",0.793891854043402
"1050","CUB","2040","vsl_coeff",0.388026818325805
"1051","CUW","2040","vsl_coeff",NA
"1052","CXR","2040","vsl_coeff",NA
"1053","CYM","2040","vsl_coeff",NA
"1054","CYP","2040","vsl_coeff",0.817023114166528
"1055","CZE","2040","vsl_coeff",2.12269617599909
"1056","DEU","2040","vsl_coeff",1.59680203887199
"1057","DJI","2040","vsl_coeff",0.229122351474722
"1058","DMA","2040","vsl_coeff",NA
"1059","DNK","2040","vsl_coeff",1.49129082668475
"1060","DOM","2040","vsl_coeff",0.651918167263673
"1061","DZA","2040","vsl_coeff",0.459425663302287
"1062","ECU","2040","vsl_coeff",0.512279254123196
"1063","EGY","2040","vsl_coeff",0.548320160313753
"1064","ERI","2040","vsl_coeff",0.0163324055464742
"1065","ESH","2040","vsl_coeff",NA
"1066","ESP","2040","vsl_coeff",1.21425410605618
"1067","EST","2040","vsl_coeff",1.70735071646972
"1068","ETH","2040","vsl_coeff",0.0855119802237121
"1069","FIN","2040","vsl_coeff",1.57248231460549
"1070","FJI","2040","vsl_coeff",0.247279437444237
"1071","FLK","2040","vsl_coeff",NA
"1072","FRA","2040","vsl_coeff",1.45901549736246
"1073","FRO","2040","vsl_coeff",NA
"1074","FSM","2040","vsl_coeff",0
"1075","GAB","2040","vsl_coeff",0.854659457456924
"1076","GBR","2040","vsl_coeff",1.59033743385557
"1077","GEO","2040","vsl_coeff",0.590982661984884
"1078","GGY","2040","vsl_coeff",NA
"1079","GHA","2040","vsl_coeff",0.165429683613412
"1080","GIB","2040","vsl_coeff",NA
"1081","GIN","2040","vsl_coeff",0.247628196430024
"1082","GLP","2040","vsl_coeff",0
"1083","GMB","2040","vsl_coeff",0.151164733546634
"1084","GNB","2040","vsl_coeff",0.0941137385731152
"1085","GNQ","2040","vsl_coeff",1.63302318001327
"1086","GRC","2040","vsl_coeff",1.28688707766282
"1087","GRD","2040","vsl_coeff",0
"1088","GRL","2040","vsl_coeff",NA
"1089","GTM","2040","vsl_coeff",0.276126877806261
"1090","GUF","2040","vsl_coeff",0
"1091","GUM","2040","vsl_coeff",0
"1092","GUY","2040","vsl_coeff",0.259222336097342
"1093","HKG","2040","vsl_coeff",2.23165954400868
"1094","HMD","2040","vsl_coeff",NA
"1095","HND","2040","vsl_coeff",0.246090787720673
"1096","HRV","2040","vsl_coeff",0.968946472639239
"1097","HTI","2040","vsl_coeff",0.112289383953165
"1098","HUN","2040","vsl_coeff",1.19365732292225
"1099","IDN","2040","vsl_coeff",0.534207447134414
"1100","IMN","2040","vsl_coeff",NA
"1101","IND","2040","vsl_coeff",0.36053173876345
"1102","IOT","2040","vsl_coeff",NA
"1103","IRL","2040","vsl_coeff",1.66304887201073
"1104","IRN","2040","vsl_coeff",0.680141072526397
"1105","IRQ","2040","vsl_coeff",0.290976926734872
"1106","ISL","2040","vsl_coeff",1.72047892722479
"1107","ISR","2040","vsl_coeff",1.52279761153153
"1108","ITA","2040","vsl_coeff",1.28279412890779
"1109","JAM","2040","vsl_coeff",0.343186440041223
"1110","JEY","2040","vsl_coeff",NA
"1111","JOR","2040","vsl_coeff",0.472889772024623
"1112","JPN","2040","vsl_coeff",1.47430167009475
"1113","KAZ","2040","vsl_coeff",1.32884207917839
"1114","KEN","2040","vsl_coeff",0.112157831643858
"1115","KGZ","2040","vsl_coeff",0.214494772688101
"1116","KHM","2040","vsl_coeff",0.235576512067367
"1117","KIR","2040","vsl_coeff",NA
"1118","KNA","2040","vsl_coeff",NA
"1119","KOR","2040","vsl_coeff",1.95441931156447
"1120","KWT","2040","vsl_coeff",2.29208110931763
"1121","LAO","2040","vsl_coeff",0.298971820543626
"1122","LBN","2040","vsl_coeff",1.0924058731695
"1123","LBR","2040","vsl_coeff",0.0583845749614956
"1124","LBY","2040","vsl_coeff",1.32086449925887
"1125","LCA","2040","vsl_coeff",0.482997227797846
"1126","LIE","2040","vsl_coeff",NA
"1127","LKA","2040","vsl_coeff",0.595284592911697
"1128","LSO","2040","vsl_coeff",0.126272319636874
"1129","LTU","2040","vsl_coeff",1.32459260032051
"1130","LUX","2040","vsl_coeff",2.48209444605656
"1131","LVA","2040","vsl_coeff",1.22379073247421
"1132","MAC","2040","vsl_coeff",2.19553298128847
"1133","MAF","2040","vsl_coeff",NA
"1134","MAR","2040","vsl_coeff",0.517221619177862
"1135","MCO","2040","vsl_coeff",NA
"1136","MDA","2040","vsl_coeff",0.422217797530416
"1137","MDG","2040","vsl_coeff",0.0535862174764152
"1138","MDV","2040","vsl_coeff",0.527773512809587
"1139","MEX","2040","vsl_coeff",0.868256356898585
"1140","MHL","2040","vsl_coeff",NA
"1141","MKD","2040","vsl_coeff",0.849734142104677
"1142","MLI","2040","vsl_coeff",0.0589783322959849
"1143","MLT","2040","vsl_coeff",1.67627282275445
"1144","MMR","2040","vsl_coeff",0.127014048006009
"1145","MNE","2040","vsl_coeff",0.65123505043084
"1146","MNG","2040","vsl_coeff",0.843915612760943
"1147","MNP","2040","vsl_coeff",NA
"1148","MOZ","2040","vsl_coeff",0.0853503022703325
"1149","MRT","2040","vsl_coeff",0.172631416889285
"1150","MSR","2040","vsl_coeff",NA
"1151","MTQ","2040","vsl_coeff",0
"1152","MUS","2040","vsl_coeff",1.12064069798013
"1153","MWI","2040","vsl_coeff",0.0550384309323451
"1154","MYS","2040","vsl_coeff",1.19098473598768
"1155","MYT","2040","vsl_coeff",0
"1156","NAM","2040","vsl_coeff",0.457997538755419
"1157","NCL","2040","vsl_coeff",1.1396235392296
"1158","NER","2040","vsl_coeff",0.0390149564032646
"1159","NFK","2040","vsl_coeff",NA
"1160","NGA","2040","vsl_coeff",0.191005319359976
"1161","NIC","2040","vsl_coeff",0.232839144970646
"1162","NIU","2040","vsl_coeff",NA
"1163","NLD","2040","vsl_coeff",1.72219161932399
"1164","NOR","2040","vsl_coeff",1.87786342385747
"1165","NPL","2040","vsl_coeff",0.0740640897707171
"1166","NRU","2040","vsl_coeff",NA
"1167","NZL","2040","vsl_coeff",1.28129484424005
"1168","OMN","2040","vsl_coeff",1.72684891987077
"1169","PAK","2040","vsl_coeff",0.158668974697395
"1170","PAN","2040","vsl_coeff",1.49683320374928
"1171","PCN","2040","vsl_coeff",NA
"1172","PER","2040","vsl_coeff",0.956544035410635
"1173","PHL","2040","vsl_coeff",0.26017685427144
"1174","PLW","2040","vsl_coeff",NA
"1175","PNG","2040","vsl_coeff",0.221646692583477
"1176","POL","2040","vsl_coeff",1.43008631449495
"1177","PRI","2040","vsl_coeff",1.14379653470052
"1178","PRK","2040","vsl_coeff",0
"1179","PRT","2040","vsl_coeff",1.20385226496688
"1180","PRY","2040","vsl_coeff",0.424782285334142
"1181","PSE","2040","vsl_coeff",0.344343812370538
"1182","PYF","2040","vsl_coeff",0.814457692389306
"1183","QAT","2040","vsl_coeff",3.21507683808277
"1184","REU","2040","vsl_coeff",0
"1185","ROU","2040","vsl_coeff",0.90284211350952
"1186","RUS","2040","vsl_coeff",1.40958579085339
"1187","RWA","2040","vsl_coeff",0.0964875580631016
"1188","SAU","2040","vsl_coeff",1.40398989309546
"1189","SDN","2040","vsl_coeff",0.157463037933332
"1190","SEN","2040","vsl_coeff",0.124328384706386
"1191","SGP","2040","vsl_coeff",2.5237327317436
"1192","SGS","2040","vsl_coeff",NA
"1193","SHN","2040","vsl_coeff",NA
"1194","SJM","2040","vsl_coeff",NA
"1195","SLB","2040","vsl_coeff",0.190476677905039
"1196","SLE","2040","vsl_coeff",0.0727158631543913
"1197","SLV","2040","vsl_coeff",0.373981220479012
"1198","SMR","2040","vsl_coeff",NA
"1199","SOM","2040","vsl_coeff",0.00176742852534047
"1200","SPM","2040","vsl_coeff",NA
"1201","SRB","2040","vsl_coeff",0.442823693844605
"1202","SSD","2040","vsl_coeff",NA
"1203","STP","2040","vsl_coeff",0.498219717853921
"1204","SUR","2040","vsl_coeff",0.69560996221939
"1205","SVK","2040","vsl_coeff",1.71960324610778
"1206","SVN","2040","vsl_coeff",1.40341756694293
"1207","SWE","2040","vsl_coeff",1.69340634396632
"1208","SWZ","2040","vsl_coeff",0.232012436606287
"1209","SXM","2040","vsl_coeff",NA
"1210","SYC","2040","vsl_coeff",NA
"1211","SYR","2040","vsl_coeff",0.481079285898204
"1212","TCA","2040","vsl_coeff",NA
"1213","TCD","2040","vsl_coeff",0.0787910220714458
"1214","TGO","2040","vsl_coeff",0.0637877096157181
"1215","THA","2040","vsl_coeff",0.876773979470804
"1216","TJK","2040","vsl_coeff",0.225384521062865
"1217","TKL","2040","vsl_coeff",NA
"1218","TKM","2040","vsl_coeff",1.46549196248903
"1219","TLS","2040","vsl_coeff",0.175168841477052
"1220","TON","2040","vsl_coeff",0.233491812768396
"1221","TTO","2040","vsl_coeff",1.65957576168369
"1222","TUN","2040","vsl_coeff",0.946902481630622
"1223","TUR","2040","vsl_coeff",1.03456281080696
"1224","TUV","2040","vsl_coeff",NA
"1225","TWN","2040","vsl_coeff",2.45071754675033
"1226","TZA","2040","vsl_coeff",0.116409599528085
"1227","UGA","2040","vsl_coeff",0.0947450612094471
"1228","UKR","2040","vsl_coeff",0.649661060040266
"1229","UMI","2040","vsl_coeff",NA
"1230","URY","2040","vsl_coeff",1.12926964398653
"1231","USA","2040","vsl_coeff",1.97614442667962
"1232","UZB","2040","vsl_coeff",0.361296498874581
"1233","VAT","2040","vsl_coeff",NA
"1234","VCT","2040","vsl_coeff",0.605648681181467
"1235","VEN","2040","vsl_coeff",0.70679405468619
"1236","VGB","2040","vsl_coeff",NA
"1237","VIR","2040","vsl_coeff",0
"1238","VNM","2040","vsl_coeff",0.34300456291454
"1239","VUT","2040","vsl_coeff",0.276414685955306
"1240","WLF","2040","vsl_coeff",NA
"1241","WSM","2040","vsl_coeff",0.233965585135733
"1242","YEM","2040","vsl_coeff",0.11966961101855
"1243","ZAF","2040","vsl_coeff",0.794545384051839
"1244","ZMB","2040","vsl_coeff",0.132931283976086
"1245","ZWE","2040","vsl_coeff",0.0352614112426084
"1246","ABW","2050","vsl_coeff",0.351051293126767
"1247","AFG","2050","vsl_coeff",0.106280428428475
"1248","AGO","2050","vsl_coeff",0.210295038938701
"1249","AIA","2050","vsl_coeff",NA
"1250","ALA","2050","vsl_coeff",NA
"1251","ALB","2050","vsl_coeff",0.61979633085094
"1252","AND","2050","vsl_coeff",NA
"1253","ARE","2050","vsl_coeff",2.16201291854348
"1254","ARG","2050","vsl_coeff",1.53497278697114
"1255","ARM","2050","vsl_coeff",0.564581898484524
"1256","ASM","2050","vsl_coeff",NA
"1257","ATA","2050","vsl_coeff",NA
"1258","ATF","2050","vsl_coeff",NA
"1259","ATG","2050","vsl_coeff",NA
"1260","AUS","2050","vsl_coeff",1.86799321892098
"1261","AUT","2050","vsl_coeff",1.91255979270391
"1262","AZE","2050","vsl_coeff",0.458084707196811
"1263","BDI","2050","vsl_coeff",0.0882092627118434
"1264","BEL","2050","vsl_coeff",1.84005175768115
"1265","BEN","2050","vsl_coeff",0.13798701617435
"1266","BES","2050","vsl_coeff",NA
"1267","BFA","2050","vsl_coeff",0.154902577598892
"1268","BGD","2050","vsl_coeff",0.265143441390172
"1269","BGR","2050","vsl_coeff",1.54545787158814
"1270","BHR","2050","vsl_coeff",1.43850834771348
"1271","BHS","2050","vsl_coeff",1.46628258532918
"1272","BIH","2050","vsl_coeff",0.914948772112296
"1273","BLM","2050","vsl_coeff",NA
"1274","BLR","2050","vsl_coeff",1.59286858408733
"1275","BLZ","2050","vsl_coeff",0.510272950209904
"1276","BMU","2050","vsl_coeff",NA
"1277","BOL","2050","vsl_coeff",0.62937654057634
"1278","BRA","2050","vsl_coeff",0.873924694011662
"1279","BRB","2050","vsl_coeff",1.24220127905046
"1280","BRN","2050","vsl_coeff",2.33472327744632
"1281","BTN","2050","vsl_coeff",1.65430699050978
"1282","BVT","2050","vsl_coeff",NA
"1283","BWA","2050","vsl_coeff",1.23916789803911
"1284","CAF","2050","vsl_coeff",0.0888212399487173
"1285","CAN","2050","vsl_coeff",1.77865502176238
"1286","CCK","2050","vsl_coeff",NA
"1287","CHE","2050","vsl_coeff",1.98687908324044
"1288","CHL","2050","vsl_coeff",1.56901783527815
"1289","CHN","2050","vsl_coeff",1.61335978059907
"1290","CIV","2050","vsl_coeff",0.495698403504808
"1291","CMR","2050","vsl_coeff",0.287970531881656
"1292","COD","2050","vsl_coeff",0.0934845687997209
"1293","COG","2050","vsl_coeff",0.558150243737694
"1294","COK","2050","vsl_coeff",NA
"1295","COL","2050","vsl_coeff",0.830429360541816
"1296","COM","2050","vsl_coeff",0.127130126359922
"1297","CPV","2050","vsl_coeff",0.415919543612678
"1298","CRI","2050","vsl_coeff",0.999706125505801
"1299","CUB","2050","vsl_coeff",0.536651548112138
"1300","CUW","2050","vsl_coeff",NA
"1301","CXR","2050","vsl_coeff",NA
"1302","CYM","2050","vsl_coeff",NA
"1303","CYP","2050","vsl_coeff",0.947815656593656
"1304","CZE","2050","vsl_coeff",2.62011684251854
"1305","DEU","2050","vsl_coeff",1.77874247379193
"1306","DJI","2050","vsl_coeff",0.373918960691214
"1307","DMA","2050","vsl_coeff",NA
"1308","DNK","2050","vsl_coeff",1.67375263325329
"1309","DOM","2050","vsl_coeff",0.844786462558144
"1310","DZA","2050","vsl_coeff",0.565167781748115
"1311","ECU","2050","vsl_coeff",0.706586939230029
"1312","EGY","2050","vsl_coeff",0.796756766551366
"1313","ERI","2050","vsl_coeff",0.0273191397330924
"1314","ESH","2050","vsl_coeff",NA
"1315","ESP","2050","vsl_coeff",1.31556771775
"1316","EST","2050","vsl_coeff",2.16138681526051
"1317","ETH","2050","vsl_coeff",0.152118661186916
"1318","FIN","2050","vsl_coeff",1.74571171870837
"1319","FJI","2050","vsl_coeff",0.364699869921276
"1320","FLK","2050","vsl_coeff",NA
"1321","FRA","2050","vsl_coeff",1.62093327173647
"1322","FRO","2050","vsl_coeff",NA
"1323","FSM","2050","vsl_coeff",0
"1324","GAB","2050","vsl_coeff",1.11288011028603
"1325","GBR","2050","vsl_coeff",1.75708345584357
"1326","GEO","2050","vsl_coeff",0.841115162257386
"1327","GGY","2050","vsl_coeff",NA
"1328","GHA","2050","vsl_coeff",0.264240866957932
"1329","GIB","2050","vsl_coeff",NA
"1330","GIN","2050","vsl_coeff",0.45184394711207
"1331","GLP","2050","vsl_coeff",0
"1332","GMB","2050","vsl_coeff",0.247384249028565
"1333","GNB","2050","vsl_coeff",0.180192856745633
"1334","GNQ","2050","vsl_coeff",1.93431387933824
"1335","GRC","2050","vsl_coeff",1.47907714238729
"1336","GRD","2050","vsl_coeff",0
"1337","GRL","2050","vsl_coeff",NA
"1338","GTM","2050","vsl_coeff",0.41433529574849
"1339","GUF","2050","vsl_coeff",0
"1340","GUM","2050","vsl_coeff",0
"1341","GUY","2050","vsl_coeff",0.38010276048044
"1342","HKG","2050","vsl_coeff",2.40166976254322
"1343","HMD","2050","vsl_coeff",NA
"1344","HND","2050","vsl_coeff",0.379202327317421
"1345","HRV","2050","vsl_coeff",1.132871970482
"1346","HTI","2050","vsl_coeff",0.205761108110887
"1347","HUN","2050","vsl_coeff",1.52534877526567
"1348","IDN","2050","vsl_coeff",0.780561758489095
"1349","IMN","2050","vsl_coeff",NA
"1350","IND","2050","vsl_coeff",0.527048433347867
"1351","IOT","2050","vsl_coeff",NA
"1352","IRL","2050","vsl_coeff",1.80533209958644
"1353","IRN","2050","vsl_coeff",0.867271937405286
"1354","IRQ","2050","vsl_coeff",0.343348276794522
"1355","ISL","2050","vsl_coeff",1.95843071339733
"1356","ISR","2050","vsl_coeff",1.71686198719057
"1357","ITA","2050","vsl_coeff",1.43256205166419
"1358","JAM","2050","vsl_coeff",0.460628340186393
"1359","JEY","2050","vsl_coeff",NA
"1360","JOR","2050","vsl_coeff",0.709696524639594
"1361","JPN","2050","vsl_coeff",1.60620334439893
"1362","KAZ","2050","vsl_coeff",1.46501061251129
"1363","KEN","2050","vsl_coeff",0.18146268712128
"1364","KGZ","2050","vsl_coeff",0.339803229101171
"1365","KHM","2050","vsl_coeff",0.361119394951887
"1366","KIR","2050","vsl_coeff",NA
"1367","KNA","2050","vsl_coeff",NA
"1368","KOR","2050","vsl_coeff",2.23684003612135
"1369","KWT","2050","vsl_coeff",2.47411363401367
"1370","LAO","2050","vsl_coeff",0.445710025672717
"1371","LBN","2050","vsl_coeff",1.42051537859962
"1372","LBR","2050","vsl_coeff",0.110196328468863
"1373","LBY","2050","vsl_coeff",1.54520082343777
"1374","LCA","2050","vsl_coeff",0.662042227154281
"1375","LIE","2050","vsl_coeff",NA
"1376","LKA","2050","vsl_coeff",0.835337239683792
"1377","LSO","2050","vsl_coeff",0.220637053393822
"1378","LTU","2050","vsl_coeff",1.59202654195508
"1379","LUX","2050","vsl_coeff",2.56567548047545
"1380","LVA","2050","vsl_coeff",1.48398127669573
"1381","MAC","2050","vsl_coeff",2.25685726668784
"1382","MAF","2050","vsl_coeff",NA
"1383","MAR","2050","vsl_coeff",0.791552589166141
"1384","MCO","2050","vsl_coeff",NA
"1385","MDA","2050","vsl_coeff",0.637890906030742
"1386","MDG","2050","vsl_coeff",0.0982221032683542
"1387","MDV","2050","vsl_coeff",0.705380648368198
"1388","MEX","2050","vsl_coeff",1.11692264678085
"1389","MHL","2050","vsl_coeff",NA
"1390","MKD","2050","vsl_coeff",1.10728186799795
"1391","MLI","2050","vsl_coeff",0.104542656208604
"1392","MLT","2050","vsl_coeff",2.04148303289614
"1393","MMR","2050","vsl_coeff",0.172442160326595
"1394","MNE","2050","vsl_coeff",0.793034000058572
"1395","MNG","2050","vsl_coeff",1.20355767862988
"1396","MNP","2050","vsl_coeff",NA
"1397","MOZ","2050","vsl_coeff",0.150156725927579
"1398","MRT","2050","vsl_coeff",0.273266600061944
"1399","MSR","2050","vsl_coeff",NA
"1400","MTQ","2050","vsl_coeff",0
"1401","MUS","2050","vsl_coeff",1.43416839372887
"1402","MWI","2050","vsl_coeff",0.0965835490638658
"1403","MYS","2050","vsl_coeff",1.54448909306819
"1404","MYT","2050","vsl_coeff",0
"1405","NAM","2050","vsl_coeff",0.63106633509225
"1406","NCL","2050","vsl_coeff",1.27054841153414
"1407","NER","2050","vsl_coeff",0.0675436735398995
"1408","NFK","2050","vsl_coeff",NA
"1409","NGA","2050","vsl_coeff",0.301028830013435
"1410","NIC","2050","vsl_coeff",0.385614209558693
"1411","NIU","2050","vsl_coeff",NA
"1412","NLD","2050","vsl_coeff",1.93255221570994
"1413","NOR","2050","vsl_coeff",1.98040282372429
"1414","NPL","2050","vsl_coeff",0.123436284924549
"1415","NRU","2050","vsl_coeff",NA
"1416","NZL","2050","vsl_coeff",1.46624826395889
"1417","OMN","2050","vsl_coeff",1.9868194574544
"1418","PAK","2050","vsl_coeff",0.248011659353523
"1419","PAN","2050","vsl_coeff",1.91937766726292
"1420","PCN","2050","vsl_coeff",NA
"1421","PER","2050","vsl_coeff",1.28370739342587
"1422","PHL","2050","vsl_coeff",0.380124733176711
"1423","PLW","2050","vsl_coeff",NA
"1424","PNG","2050","vsl_coeff",0.357447390012074
"1425","POL","2050","vsl_coeff",1.70586352455329
"1426","PRI","2050","vsl_coeff",1.309921788984
"1427","PRK","2050","vsl_coeff",0
"1428","PRT","2050","vsl_coeff",1.45182070674623
"1429","PRY","2050","vsl_coeff",0.643615707349655
"1430","PSE","2050","vsl_coeff",0.560397661315407
"1431","PYF","2050","vsl_coeff",0.923068807828612
"1432","QAT","2050","vsl_coeff",3.24583436109652
"1433","REU","2050","vsl_coeff",0
"1434","ROU","2050","vsl_coeff",1.13860096805614
"1435","RUS","2050","vsl_coeff",1.66233202701304
"1436","RWA","2050","vsl_coeff",0.157248047505914
"1437","SAU","2050","vsl_coeff",1.57945499201246
"1438","SDN","2050","vsl_coeff",0.26192738205471
"1439","SEN","2050","vsl_coeff",0.206199098008534
"1440","SGP","2050","vsl_coeff",2.63289895535857
"1441","SGS","2050","vsl_coeff",NA
"1442","SHN","2050","vsl_coeff",NA
"1443","SJM","2050","vsl_coeff",NA
"1444","SLB","2050","vsl_coeff",0.294708434234013
"1445","SLE","2050","vsl_coeff",0.128537042582048
"1446","SLV","2050","vsl_coeff",0.519808213820979
"1447","SMR","2050","vsl_coeff",NA
"1448","SOM","2050","vsl_coeff",0.00389213696379905
"1449","SPM","2050","vsl_coeff",NA
"1450","SRB","2050","vsl_coeff",0.545429234582918
"1451","SSD","2050","vsl_coeff",NA
"1452","STP","2050","vsl_coeff",0.754057083295403
"1453","SUR","2050","vsl_coeff",0.963239983989151
"1454","SVK","2050","vsl_coeff",2.11403084485314
"1455","SVN","2050","vsl_coeff",1.58339801397141
"1456","SWE","2050","vsl_coeff",1.86410899819348
"1457","SWZ","2050","vsl_coeff",0.356085221099841
"1458","SXM","2050","vsl_coeff",NA
"1459","SYC","2050","vsl_coeff",NA
"1460","SYR","2050","vsl_coeff",0.719218229991515
"1461","TCA","2050","vsl_coeff",NA
"1462","TCD","2050","vsl_coeff",0.139427858167678
"1463","TGO","2050","vsl_coeff",0.109437764372649
"1464","THA","2050","vsl_coeff",1.24388935079889
"1465","TJK","2050","vsl_coeff",0.365029564892402
"1466","TKL","2050","vsl_coeff",NA
"1467","TKM","2050","vsl_coeff",1.86039901328399
"1468","TLS","2050","vsl_coeff",0.299614349067034
"1469","TON","2050","vsl_coeff",0.335624381661134
"1470","TTO","2050","vsl_coeff",1.93621538977991
"1471","TUN","2050","vsl_coeff",1.29656403409448
"1472","TUR","2050","vsl_coeff",1.30595303209062
"1473","TUV","2050","vsl_coeff",NA
"1474","TWN","2050","vsl_coeff",2.85595998177833
"1475","TZA","2050","vsl_coeff",0.192660360822867
"1476","UGA","2050","vsl_coeff",0.162360650462173
"1477","UKR","2050","vsl_coeff",0.888419417777309
"1478","UMI","2050","vsl_coeff",NA
"1479","URY","2050","vsl_coeff",1.44728227548216
"1480","USA","2050","vsl_coeff",2.083857856291
"1481","UZB","2050","vsl_coeff",0.520419120289221
"1482","VAT","2050","vsl_coeff",NA
"1483","VCT","2050","vsl_coeff",0.792101349124822
"1484","VEN","2050","vsl_coeff",0.906718067613139
"1485","VGB","2050","vsl_coeff",NA
"1486","VIR","2050","vsl_coeff",0
"1487","VNM","2050","vsl_coeff",0.505983980302706
"1488","VUT","2050","vsl_coeff",0.432742831937932
"1489","WLF","2050","vsl_coeff",NA
"1490","WSM","2050","vsl_coeff",0.339526071373104
"1491","YEM","2050","vsl_coeff",0.182603436427582
"1492","ZAF","2050","vsl_coeff",1.0202201245958
"1493","ZMB","2050","vsl_coeff",0.226183155425193
"1494","ZWE","2050","vsl_coeff",0.0757745360678578
"1495","ABW","2100","vsl_coeff",1.41533514610354
"1496","AFG","2100","vsl_coeff",1.16987584830427
"1497","AGO","2100","vsl_coeff",1.51985976601509
"1498","AIA","2100","vsl_coeff",NA
"1499","ALA","2100","vsl_coeff",NA
"1500","ALB","2100","vsl_coeff",1.77272944856013
"1501","AND","2100","vsl_coeff",NA
"1502","ARE","2100","vsl_coeff",3.15000465926495
"1503","ARG","2100","vsl_coeff",3.72796537831532
"1504","ARM","2100","vsl_coeff",1.73552791843502
"1505","ASM","2100","vsl_coeff",NA
"1506","ATA","2100","vsl_coeff",NA
"1507","ATF","2100","vsl_coeff",NA
"1508","ATG","2100","vsl_coeff",NA
"1509","AUS","2100","vsl_coeff",2.83817666846496
"1510","AUT","2100","vsl_coeff",3.14852175089318
"1511","AZE","2100","vsl_coeff",1.64798980212771
"1512","BDI","2100","vsl_coeff",1.26820748907842
"1513","BEL","2100","vsl_coeff",3.01901099683687
"1514","BEN","2100","vsl_coeff",1.47834860531451
"1515","BES","2100","vsl_coeff",NA
"1516","BFA","2100","vsl_coeff",1.58919011563606
"1517","BGD","2100","vsl_coeff",1.6758197227914
"1518","BGR","2100","vsl_coeff",3.57256067383784
"1519","BHR","2100","vsl_coeff",2.34222159622475
"1520","BHS","2100","vsl_coeff",2.25807379233796
"1521","BIH","2100","vsl_coeff",2.06542862620681
"1522","BLM","2100","vsl_coeff",NA
"1523","BLR","2100","vsl_coeff",3.73345496050947
"1524","BLZ","2100","vsl_coeff",2.23827015470064
"1525","BMU","2100","vsl_coeff",NA
"1526","BOL","2100","vsl_coeff",3.27667273069568
"1527","BRA","2100","vsl_coeff",2.32596650678688
"1528","BRB","2100","vsl_coeff",3.02768225567622
"1529","BRN","2100","vsl_coeff",3.51561458832408
"1530","BTN","2100","vsl_coeff",5.47048513104518
"1531","BVT","2100","vsl_coeff",NA
"1532","BWA","2100","vsl_coeff",2.91721800925155
"1533","CAF","2100","vsl_coeff",1.13482277712412
"1534","CAN","2100","vsl_coeff",2.75666766728367
"1535","CCK","2100","vsl_coeff",NA
"1536","CHE","2100","vsl_coeff",3.43377855636597
"1537","CHL","2100","vsl_coeff",4.26218465296154
"1538","CHN","2100","vsl_coeff",3.51099629185121
"1539","CIV","2100","vsl_coeff",3.17834153647772
"1540","CMR","2100","vsl_coeff",2.05771706120905
"1541","COD","2100","vsl_coeff",1.28059840888298
"1542","COG","2100","vsl_coeff",2.61869535783573
"1543","COK","2100","vsl_coeff",NA
"1544","COL","2100","vsl_coeff",2.86796493458792
"1545","COM","2100","vsl_coeff",1.42378635050051
"1546","CPV","2100","vsl_coeff",1.90621898977934
"1547","CRI","2100","vsl_coeff",2.84621867173059
"1548","CUB","2100","vsl_coeff",2.23043065335151
"1549","CUW","2100","vsl_coeff",NA
"1550","CXR","2100","vsl_coeff",NA
"1551","CYM","2100","vsl_coeff",NA
"1552","CYP","2100","vsl_coeff",2.37996521661854
"1553","CZE","2100","vsl_coeff",6.43347075975524
"1554","DEU","2100","vsl_coeff",2.97020960684043
"1555","DJI","2100","vsl_coeff",2.10174097723119
"1556","DMA","2100","vsl_coeff",NA
"1557","DNK","2100","vsl_coeff",2.89845287997524
"1558","DOM","2100","vsl_coeff",2.50301919339761
"1559","DZA","2100","vsl_coeff",2.16600695739643
"1560","ECU","2100","vsl_coeff",2.87413773755243
"1561","EGY","2100","vsl_coeff",2.97865014883359
"1562","ERI","2100","vsl_coeff",0.4856611469797
"1563","ESH","2100","vsl_coeff",NA
"1564","ESP","2100","vsl_coeff",2.38757495855597
"1565","EST","2100","vsl_coeff",5.22980002393497
"1566","ETH","2100","vsl_coeff",1.71269236370042
"1567","FIN","2100","vsl_coeff",2.87594143149026
"1568","FJI","2100","vsl_coeff",2.14243909504223
"1569","FLK","2100","vsl_coeff",NA
"1570","FRA","2100","vsl_coeff",2.61565428358074
"1571","FRO","2100","vsl_coeff",NA
"1572","FSM","2100","vsl_coeff",0
"1573","GAB","2100","vsl_coeff",3.55862335256885
"1574","GBR","2100","vsl_coeff",2.84998266639154
"1575","GEO","2100","vsl_coeff",2.93452439718113
"1576","GGY","2100","vsl_coeff",NA
"1577","GHA","2100","vsl_coeff",1.88595313544224
"1578","GIB","2100","vsl_coeff",NA
"1579","GIN","2100","vsl_coeff",3.37819707276641
"1580","GLP","2100","vsl_coeff",0
"1581","GMB","2100","vsl_coeff",1.86172462729069
"1582","GNB","2100","vsl_coeff",2.2091775486861
"1583","GNQ","2100","vsl_coeff",4.14608212162195
"1584","GRC","2100","vsl_coeff",2.8249012370824
"1585","GRD","2100","vsl_coeff",0
"1586","GRL","2100","vsl_coeff",NA
"1587","GTM","2100","vsl_coeff",2.39041787502041
"1588","GUF","2100","vsl_coeff",0
"1589","GUM","2100","vsl_coeff",0
"1590","GUY","2100","vsl_coeff",1.97354181614951
"1591","HKG","2100","vsl_coeff",3.18154068913387
"1592","HMD","2100","vsl_coeff",NA
"1593","HND","2100","vsl_coeff",2.42802750760088
"1594","HRV","2100","vsl_coeff",2.29579204066209
"1595","HTI","2100","vsl_coeff",2.03037705099489
"1596","HUN","2100","vsl_coeff",4.3816844306978
"1597","IDN","2100","vsl_coeff",2.90514260604149
"1598","IMN","2100","vsl_coeff",NA
"1599","IND","2100","vsl_coeff",2.14452265433281
"1600","IOT","2100","vsl_coeff",NA
"1601","IRL","2100","vsl_coeff",2.92967763691798
"1602","IRN","2100","vsl_coeff",2.54691014186213
"1603","IRQ","2100","vsl_coeff",1.32263493835939
"1604","ISL","2100","vsl_coeff",3.43072519603296
"1605","ISR","2100","vsl_coeff",2.94418843984326
"1606","ITA","2100","vsl_coeff",2.57636762831871
"1607","JAM","2100","vsl_coeff",1.90723687785874
"1608","JEY","2100","vsl_coeff",NA
"1609","JOR","2100","vsl_coeff",2.96062968152355
"1610","JPN","2100","vsl_coeff",2.62906066061811
"1611","KAZ","2100","vsl_coeff",2.44792867171415
"1612","KEN","2100","vsl_coeff",1.46804991615126
"1613","KGZ","2100","vsl_coeff",1.66628182083348
"1614","KHM","2100","vsl_coeff",2.18362885412685
"1615","KIR","2100","vsl_coeff",NA
"1616","KNA","2100","vsl_coeff",NA
"1617","KOR","2100","vsl_coeff",3.70120531285263
"1618","KWT","2100","vsl_coeff",3.35141128476819
"1619","LAO","2100","vsl_coeff",2.17226580625032
"1620","LBN","2100","vsl_coeff",3.59533654263682
"1621","LBR","2100","vsl_coeff",1.46794143225821
"1622","LBY","2100","vsl_coeff",3.95055604870401
"1623","LCA","2100","vsl_coeff",2.79887117880152
"1624","LIE","2100","vsl_coeff",NA
"1625","LKA","2100","vsl_coeff",3.01532693729927
"1626","LSO","2100","vsl_coeff",2.25777797781872
"1627","LTU","2100","vsl_coeff",3.22527271970855
"1628","LUX","2100","vsl_coeff",3.34216317644335
"1629","LVA","2100","vsl_coeff",3.39983836330778
"1630","MAC","2100","vsl_coeff",2.57083186258264
"1631","MAF","2100","vsl_coeff",NA
"1632","MAR","2100","vsl_coeff",3.40634432087243
"1633","MCO","2100","vsl_coeff",NA
"1634","MDA","2100","vsl_coeff",2.54592748964412
"1635","MDG","2100","vsl_coeff",1.22571636707731
"1636","MDV","2100","vsl_coeff",2.57682348930438
"1637","MEX","2100","vsl_coeff",3.58410608582294
"1638","MHL","2100","vsl_coeff",NA
"1639","MKD","2100","vsl_coeff",2.70652331288278
"1640","MLI","2100","vsl_coeff",1.21045861539045
"1641","MLT","2100","vsl_coeff",4.23780093598552
"1642","MMR","2100","vsl_coeff",0.665141671973943
"1643","MNE","2100","vsl_coeff",1.85939860175891
"1644","MNG","2100","vsl_coeff",3.51263501818004
"1645","MNP","2100","vsl_coeff",NA
"1646","MOZ","2100","vsl_coeff",1.90260468949749
"1647","MRT","2100","vsl_coeff",1.67091652893425
"1648","MSR","2100","vsl_coeff",NA
"1649","MTQ","2100","vsl_coeff",0
"1650","MUS","2100","vsl_coeff",4.09478944076468
"1651","MWI","2100","vsl_coeff",1.35304875691332
"1652","MYS","2100","vsl_coeff",4.17233768005227
"1653","MYT","2100","vsl_coeff",0
"1654","NAM","2100","vsl_coeff",2.09882955246321
"1655","NCL","2100","vsl_coeff",1.97586155920405
"1656","NER","2100","vsl_coeff",1.15710726975955
"1657","NFK","2100","vsl_coeff",NA
"1658","NGA","2100","vsl_coeff",2.36526294970855
"1659","NIC","2100","vsl_coeff",2.59114395180288
"1660","NIU","2100","vsl_coeff",NA
"1661","NLD","2100","vsl_coeff",3.1397624046939
"1662","NOR","2100","vsl_coeff",3.12505440882019
"1663","NPL","2100","vsl_coeff",1.1911129804903
"1664","NRU","2100","vsl_coeff",NA
"1665","NZL","2100","vsl_coeff",2.89093962205079
"1666","OMN","2100","vsl_coeff",4.90024124235299
"1667","PAK","2100","vsl_coeff",1.63758306975655
"1668","PAN","2100","vsl_coeff",4.66099777758873
"1669","PCN","2100","vsl_coeff",NA
"1670","PER","2100","vsl_coeff",3.91802120182148
"1671","PHL","2100","vsl_coeff",1.9135380723209
"1672","PLW","2100","vsl_coeff",NA
"1673","PNG","2100","vsl_coeff",2.49097316088289
"1674","POL","2100","vsl_coeff",3.79918154274217
"1675","PRI","2100","vsl_coeff",2.22718201040535
"1676","PRK","2100","vsl_coeff",0
"1677","PRT","2100","vsl_coeff",3.89617267691392
"1678","PRY","2100","vsl_coeff",3.10581324191415
"1679","PSE","2100","vsl_coeff",3.03758695730256
"1680","PYF","2100","vsl_coeff",1.82312674734938
"1681","QAT","2100","vsl_coeff",4.31101187125852
"1682","REU","2100","vsl_coeff",0
"1683","ROU","2100","vsl_coeff",3.21005077379524
"1684","RUS","2100","vsl_coeff",3.44751333539928
"1685","RWA","2100","vsl_coeff",1.3260130716561
"1686","SAU","2100","vsl_coeff",3.24490681503305
"1687","SDN","2100","vsl_coeff",2.65248338444012
"1688","SEN","2100","vsl_coeff",1.85646241049778
"1689","SGP","2100","vsl_coeff",3.09587417467997
"1690","SGS","2100","vsl_coeff",NA
"1691","SHN","2100","vsl_coeff",NA
"1692","SJM","2100","vsl_coeff",NA
"1693","SLB","2100","vsl_coeff",1.93860251327578
"1694","SLE","2100","vsl_coeff",1.45281548510833
"1695","SLV","2100","vsl_coeff",2.22175889395112
"1696","SMR","2100","vsl_coeff",NA
"1697","SOM","2100","vsl_coeff",0.10377644980328
"1698","SPM","2100","vsl_coeff",NA
"1699","SRB","2100","vsl_coeff",1.45299033221771
"1700","SSD","2100","vsl_coeff",NA
"1701","STP","2100","vsl_coeff",3.09995223445799
"1702","SUR","2100","vsl_coeff",3.27550311133694
"1703","SVK","2100","vsl_coeff",5.03328825006918
"1704","SVN","2100","vsl_coeff",2.68331083234238
"1705","SWE","2100","vsl_coeff",2.9205862359572
"1706","SWZ","2100","vsl_coeff",2.10874501116544
"1707","SXM","2100","vsl_coeff",NA
"1708","SYC","2100","vsl_coeff",NA
"1709","SYR","2100","vsl_coeff",3.12737484176007
"1710","TCA","2100","vsl_coeff",NA
"1711","TCD","2100","vsl_coeff",1.61163740140954
"1712","TGO","2100","vsl_coeff",1.5433606847033
"1713","THA","2100","vsl_coeff",4.13902128584819
"1714","TJK","2100","vsl_coeff",1.8074622178601
"1715","TKL","2100","vsl_coeff",NA
"1716","TKM","2100","vsl_coeff",2.94154709682752
"1717","TLS","2100","vsl_coeff",2.23869110928066
"1718","TON","2100","vsl_coeff",1.74984273550984
"1719","TTO","2100","vsl_coeff",4.08978909693478
"1720","TUN","2100","vsl_coeff",3.34192237236921
"1721","TUR","2100","vsl_coeff",3.46380362240275
"1722","TUV","2100","vsl_coeff",NA
"1723","TWN","2100","vsl_coeff",5.81749555927804
"1724","TZA","2100","vsl_coeff",1.57543960767019
"1725","UGA","2100","vsl_coeff",1.72963125272618
"1726","UKR","2100","vsl_coeff",2.96475717071975
"1727","UMI","2100","vsl_coeff",NA
"1728","URY","2100","vsl_coeff",3.87195787842506
"1729","USA","2100","vsl_coeff",2.61712421332631
"1730","UZB","2100","vsl_coeff",1.86319118630056
"1731","VAT","2100","vsl_coeff",NA
"1732","VCT","2100","vsl_coeff",2.8863398043145
"1733","VEN","2100","vsl_coeff",2.76705597374419
"1734","VGB","2100","vsl_coeff",NA
"1735","VIR","2100","vsl_coeff",0
"1736","VNM","2100","vsl_coeff",2.17273422268458
"1737","VUT","2100","vsl_coeff",3.02564910291602
"1738","WLF","2100","vsl_coeff",NA
"1739","WSM","2100","vsl_coeff",1.7020450352935
"1740","YEM","2100","vsl_coeff",0.927068754123322
"1741","ZAF","2100","vsl_coeff",2.77793332894636
"1742","ZMB","2100","vsl_coeff",2.02037759904546
"1743","ZWE","2100","vsl_coeff",1.27084379642226
